-- phpMyAdmin SQL Dump
-- version 5.0.2
-- https://www.phpmyadmin.net/
--
-- Host: 127.0.0.1
-- Generation Time: Dec 08, 2020 at 05:41 AM
-- Server version: 10.4.13-MariaDB
-- PHP Version: 7.4.7

SET SQL_MODE = "NO_AUTO_VALUE_ON_ZERO";
START TRANSACTION;
SET time_zone = "+00:00";


/*!40101 SET @OLD_CHARACTER_SET_CLIENT=@@CHARACTER_SET_CLIENT */;
/*!40101 SET @OLD_CHARACTER_SET_RESULTS=@@CHARACTER_SET_RESULTS */;
/*!40101 SET @OLD_COLLATION_CONNECTION=@@COLLATION_CONNECTION */;
/*!40101 SET NAMES utf8mb4 */;

--
-- Database: `ioe_question_bank`
--

-- --------------------------------------------------------

--
-- Table structure for table `course`
--

CREATE TABLE `course` (
  `ID` varchar(10) NOT NULL,
  `Title` varchar(100) NOT NULL,
  `Depart_Code` varchar(3) NOT NULL,
  `Semester` int(11) NOT NULL,
  `Hours_per_week` float NOT NULL,
  `Marks_Code` char(1) NOT NULL,
  `Type_Code` char(2) NOT NULL,
  `Program` char(10) NOT NULL
) ENGINE=InnoDB DEFAULT CHARSET=utf8mb4;

--
-- Dumping data for table `course`
--

INSERT INTO `course` (`ID`, `Title`, `Depart_Code`, `Semester`, `Hours_per_week`, `Marks_Code`, `Type_Code`, `Program`) VALUES
('CE 401', 'Applied Mechanics', 'CE', 1, 5, 'A', 'R', 'BEX/BCT'),
('CE 655', 'Engineering Economics', 'CE', 6, 4, 'A', 'R', 'BEX/BCT'),
('CE 752', 'Engineering Professional Practice', 'CE', 8, 2, 'B', 'R', 'BEX/BCT'),
('CT 401', 'Computer Programming', 'CT', 1, 6, 'A', 'R', 'BEX/BCT'),
('CT 501', 'Object Oriented Programming', 'CT', 3, 6, 'A', 'R', 'BEX/BCT'),
('CT 502', 'Theory of Computation', 'CT', 3, 5, 'A', 'R', 'BCT'),
('CT 551', 'Discrete Structure', 'CT', 4, 3, 'A', 'R', 'BEX/BCT'),
('CT 552', 'Data Structure and Algorithm', 'CT', 4, 3, 'A', 'R', 'BCT'),
('CT 601', 'Software Engineering', 'CT', 5, 5, 'A', 'R', 'BCT'),
('CT 602', 'Data Communication', 'CT', 5, 5, 'A', 'R', 'BCT'),
('CT 603', 'Computer Organization and Architecture', 'CT', 5, 5.5, 'A', 'R', 'BEX/BCT'),
('CT 651', 'Object Oriented Analysis and Design', 'CT', 6, 5, 'A', 'R', 'BCT'),
('CT 652', 'Database Management System', 'CT', 6, 5.5, 'A', 'R', 'BCT'),
('CT 653', 'Artificial Intelligence', 'CT', 8, 5.5, 'A', 'R', 'BCT'),
('CT 655', 'Embedded System', 'CT', 6, 5.5, 'A', 'R', 'BEX/BCT'),
('CT 656', 'Operating System', 'CT', 6, 5.5, 'A', 'R', 'BCT'),
('CT 657', 'Computer Network', 'CT', 6, 7, 'A', 'R', 'BEX'),
('CT 701', 'Project Management', 'CT', 7, 4, 'A', 'R', 'BEX/BCT'),
('CT 702', 'Computer Network', 'CT', 7, 5, 'A', 'R', 'BCT'),
('CT 703', 'Distributed System', 'CT', 7, 5, 'A', 'R', 'BCT'),
('CT 704', 'Digital Signal Analysis and Processing', 'CT', 7, 5, 'A', 'R', 'BCT'),
('CT 725 01', 'Advanced Java Programming', 'CT', 7, 5.5, 'A', 'E1', 'BCT'),
('CT 725 02', 'Data Mining', 'CT', 7, 5.5, 'A', 'E1', 'BEX/BCT'),
('CT 725 05', 'Web Technologies and Applications', 'CT', 7, 5.5, 'A', 'E1', 'BEX/BCT'),
('CT 751', 'Information Systems', 'CT', 8, 5, 'A', 'R', 'BCT'),
('CT 753', 'Simulation and Modeling', 'CT', 8, 5, 'A', 'R', 'BCT'),
('CT 754', 'Internet and Intranet', 'CT', 8, 5, 'A', 'R', 'BCT'),
('CT 765 07', 'Big Data Technologies', 'CT', 8, 5.5, 'A', 'E2', 'BCT'),
('CT 785 04', 'Enterprise Application Design and Developement', 'CT', 8, 5.5, 'A', 'E3', 'BEX/BCT'),
('CT 785 06', 'Artificial Intelligence', 'CT', 8, 5.5, 'A', 'E3', 'BEX'),
('EE 401', 'Basic Electrical Engineering', 'EE', 1, 5.5, 'A', 'R', 'BEX/BCT'),
('EE 501', 'Electric Circuit Theory', 'EE', 3, 5.5, 'A', 'R', 'BEX/BCT'),
('EE 502', 'Electrical Engineering Material', 'EE', 3, 4, 'A', 'R', 'BEX'),
('EE 552', 'Instrumentation I', 'EE', 4, 5.5, 'A', 'R', 'BEX/BCT'),
('EE 553', 'Power System', 'EE', 4, 4, 'A', 'R', 'BEX'),
('EE 554', 'Electrical Machine', 'EE', 4, 5.5, 'A', 'R', 'BEX/BCT'),
('EE 602', 'Control System', 'EX', 5, 5.5, 'A', 'R', 'BEX'),
('EX 451', 'Basic Electronics Engineering', 'EX', 2, 5.5, 'A', 'R', 'BEX/BCT'),
('EX 501', 'Electronic Devices and Circuits', 'EX', 3, 5.5, 'A', 'R', 'BEX/BCT'),
('EX 502', 'Digital Logic', 'EX', 3, 6, 'A', 'R', 'BEX/BCT'),
('EX 503', 'Electromagnetics', 'EX', 3, 5.5, 'A', 'R', 'BEX/BCT'),
('EX 551', 'Microprocessor', 'EX', 4, 7, 'A', 'R', 'BEX/BCT'),
('EX 601', 'Advanced Electronics', 'EX', 5, 5.5, 'A', 'R', 'BEX'),
('EX 602', 'Instrumentation II', 'EX', 5, 5.5, 'A', 'R', 'BEX/BCT'),
('EX 603', 'Computer Graphics', 'EX', 5, 7, 'A', 'R', 'BEX/BCT'),
('EX 651', 'Signal Analysis', 'EX', 6, 5.5, 'A', 'R', 'BEX'),
('EX 652', 'Communication System I', 'EX', 6, 5.5, 'A', 'R', 'BEX'),
('EX 653', 'Propagation and Antenna', 'EX', 6, 5.5, 'A', 'R', 'BEX/BCT'),
('EX 701', 'Energy, Environment and Society', 'EX', 7, 2, 'B', 'R', 'BEX/BCT'),
('EX 702', 'Communication System II', 'EX', 7, 5.5, 'A', 'R', 'BEX'),
('EX 703', 'Telecommunication', 'EX', 7, 5.5, 'A', 'R', 'BEX'),
('EX 704', 'Filter Design', 'EX', 7, 5.5, 'A', 'R', 'BEX'),
('EX 725 01', 'Radar Technology', 'EX', 7, 5.5, 'A', 'E1', 'BEX'),
('EX 725 04', 'Aeronautical Telecommunication', 'EX', 7, 5.5, 'A', 'E1', 'BEX'),
('EX 751', 'Wireless Communication', 'EX', 8, 4, 'A', 'R', 'BEX'),
('EX 752', 'RF and Microwave Engineering', 'EX', 8, 5.5, 'A', 'R', 'BEX'),
('EX 753', 'Digital Signal Processing', 'EX', 8, 5.5, 'A', 'R', 'BEX'),
('EX 765 01', 'Optical Fiber Communication', 'EX', 8, 5.5, 'A', 'E2', 'BEX/BCT'),
('EX 765 06', 'Database Management System', 'EX', 6, 5.5, 'A', 'E2', 'BEX'),
('ME 401', 'Engineering Drawing I', 'ME', 1, 4, 'A', 'R', 'BEX/BCT'),
('ME 451', 'Engineering Drawing II', 'ME', 2, 4, 'A', 'R', 'BEX/BCT'),
('ME 452', 'Fundamental of Thermodynamics and Heat transfer', 'ME', 2, 5.5, 'A', 'R', 'BEX/BCT'),
('ME 453', 'Workshop Technology', 'ME', 2, 4, 'B', 'R', 'BEX/BCT'),
('ME 708', 'Organization and Management', 'ME', 7, 4, 'A', 'R', 'BEX/BCT'),
('SH 401', 'Engineering Mathematics I', 'SH', 1, 5, 'A', 'R', 'BEX/BCT'),
('SH 402', 'Engineering Physics', 'SH', 1, 7, 'A', 'R', 'BEX/BCT'),
('SH 451', 'Engineering Mathematics II', 'SH', 2, 5, 'A', 'R', 'BEX/BCT'),
('SH 453', 'Engineering Chemistry', 'SH', 2, 7, 'A', 'R', 'BEX/BCT'),
('SH 501', 'Engineering Mathemathics III', 'SH', 3, 5, 'A', 'R', 'BEX/BCT'),
('SH 551', 'Applied Mathematics', 'SH', 4, 4, 'A', 'R', 'BEX/BCT'),
('SH 553', 'Numerical Method', 'SH', 4, 7, 'A', 'R', 'BEX/BCT'),
('SH 601', 'Communication English', 'SH', 5, 6, 'A', 'R', 'BEX/BCT'),
('SH 602', 'Probability and Statistics', 'SH', 5, 4, 'A', 'R', 'BEX/BCT');

-- --------------------------------------------------------

--
-- Table structure for table `course_type`
--

CREATE TABLE `course_type` (
  `Code` char(2) NOT NULL,
  `Type_Name` varchar(10) NOT NULL
) ENGINE=InnoDB DEFAULT CHARSET=utf8mb4;

--
-- Dumping data for table `course_type`
--

INSERT INTO `course_type` (`Code`, `Type_Name`) VALUES
('E1', 'Elective 1'),
('E2', 'Elective 2'),
('E3', 'Elective 3'),
('R', 'Regular');

-- --------------------------------------------------------

--
-- Table structure for table `department`
--

CREATE TABLE `department` (
  `Code` varchar(3) NOT NULL,
  `Name` varchar(50) NOT NULL
) ENGINE=InnoDB DEFAULT CHARSET=utf8mb4;

--
-- Dumping data for table `department`
--

INSERT INTO `department` (`Code`, `Name`) VALUES
('CE', 'Civil Engineering'),
('CT', 'Computer Engineering'),
('EE', 'Electrical Engineering'),
('EX', 'Electronics and Communication Engineering'),
('ME', 'Mechanical Engineering'),
('SH', 'Science and Humanities');

-- --------------------------------------------------------

--
-- Table structure for table `exam_information`
--

CREATE TABLE `exam_information` (
  `ID` varchar(3) NOT NULL,
  `Year` int(11) NOT NULL,
  `Type` varchar(10) NOT NULL
) ENGINE=InnoDB DEFAULT CHARSET=utf8mb4;

--
-- Dumping data for table `exam_information`
--

INSERT INTO `exam_information` (`ID`, `Year`, `Type`) VALUES
('69B', 2069, 'Back'),
('69R', 2069, 'Regular'),
('70B', 2070, 'Back'),
('70R', 2070, 'Regular'),
('71B', 2071, 'Back'),
('71R', 2071, 'Regular'),
('72B', 2072, 'Back'),
('72R', 2072, 'Regular'),
('73B', 2073, 'Back'),
('73R', 2073, 'Regular'),
('74B', 2074, 'Back'),
('74R', 2074, 'Regular'),
('75B', 2075, 'Back'),
('75R', 2075, 'Regular');

-- --------------------------------------------------------

--
-- Table structure for table `marking_scheme`
--

CREATE TABLE `marking_scheme` (
  `Code` char(1) NOT NULL,
  `Full_Marks` int(11) NOT NULL,
  `Pass_Marks` int(11) NOT NULL,
  `Duration` float NOT NULL
) ENGINE=InnoDB DEFAULT CHARSET=utf8mb4;

--
-- Dumping data for table `marking_scheme`
--

INSERT INTO `marking_scheme` (`Code`, `Full_Marks`, `Pass_Marks`, `Duration`) VALUES
('A', 80, 32, 3),
('B', 40, 16, 1.5);

-- --------------------------------------------------------

--
-- Table structure for table `question_paper`
--

CREATE TABLE `question_paper` (
  `ID` int(11) NOT NULL,
  `Paper_link` text DEFAULT NULL,
  `Exam_Id` varchar(3) NOT NULL,
  `Course_ID` varchar(10) NOT NULL
) ENGINE=InnoDB DEFAULT CHARSET=utf8mb4;

--
-- Dumping data for table `question_paper`
--

INSERT INTO `question_paper` (`ID`, `Paper_link`, `Exam_Id`, `Course_ID`) VALUES
(1, NULL, '75R', 'CT 701'),
(2, 'https://drive.google.com/file/d/1zZB_MbtUUK1cqeZaW6EBSXQljVv2IvQ0/view?usp=sharing', '74R', 'CT 701'),
(3, NULL, '73R', 'CT 701'),
(4, 'https://drive.google.com/file/d/1k2QAjlsEZCDFiVnSa2FQc4qm7iuvw8kU/view?usp=sharing', '72R', 'CT 701'),
(5, 'https://drive.google.com/file/d/10fS_QZWdB626Mgo31h1lIoy4pUpQy4jd/view?usp=sharing', '71R', 'CT 701'),
(6, 'https://drive.google.com/file/d/1dfv2vCHtXxP0XGoNvaY768TsxVGHD5bR/view?usp=sharing', '70R', 'CT 701'),
(7, 'https://drive.google.com/file/d/19d3K3L9k73GrIO8D2RQ7vXoqjAh-QkB-/view?usp=sharing', '69R', 'CT 701'),
(8, NULL, '75B', 'CT 701'),
(9, 'https://drive.google.com/file/d/1WHBIaCFxvYkd96_8ngKui3VLqn8iKK7p/view?usp=sharing', '74B', 'CT 701'),
(10, 'https://drive.google.com/file/d/1U-4W-mH-UwfiqmanqaTLWR04IEEWXG8k/view?usp=sharing', '73B', 'CT 701'),
(11, NULL, '72B', 'CT 701'),
(12, 'https://drive.google.com/file/d/1c8zJFXzvEIgTroWC4Nokl8w0GtEXjx6k/view?usp=sharing', '71B', 'CT 701'),
(13, 'https://drive.google.com/file/d/1cD6oDMAOlu_Ty0TRS7YVuksklcWFoXbQ/view?usp=sharing', '70B', 'CT 701'),
(14, NULL, '69B', 'CT 701'),
(15, NULL, '75R', 'EX 702'),
(16, 'https://drive.google.com/file/d/1z2JTGBvF3iO0NPzYuxtIVis0LDiyvYlP/view?usp=drivesdk', '74R', 'EX 702'),
(17, 'https://drive.google.com/file/d/1ZwnTp9BW_qdV0AeFlgnciEH7qTIOBLrK/view?usp=drivesdk', '73R', 'EX 702'),
(18, 'https://drive.google.com/file/d/1rM5cEq10583J6zl-Xqws7odAJjpaVvOZ/view?usp=drivesdk', '72R', 'EX 702'),
(19, 'https://drive.google.com/file/d/1WjKPl9w8tQDlc2ne3h2XFt1DG29d25WR/view?usp=drivesdk', '71R', 'EX 702'),
(20, 'https://drive.google.com/file/d/1M6dXwGaDYbFoJ0vMsqbd1cj20hFgpQt5/view?usp=drivesdk', '70R', 'EX 702'),
(21, 'https://drive.google.com/file/d/1Q05Q5mVY9eqOYkxx-xGXDBKH-aF2mNCa/view?usp=drivesdk', '69R', 'EX 702'),
(22, NULL, '75B', 'EX 702'),
(23, 'https://drive.google.com/file/d/1iouFp_2-UOJO_fJbgvYSvuPiJEp_U_ai/view?usp=drivesdk', '74B', 'EX 702'),
(24, 'https://drive.google.com/file/d/1IYakArzTI4Iq0YcbknRDIDV0LiwwJuvt/view?usp=drivesdk', '73B', 'EX 702'),
(25, 'https://drive.google.com/file/d/1HA7UAn66MiTmUxspfZH2UJkh_aEnjZnD/view?usp=drivesdk', '72B', 'EX 702'),
(26, 'https://drive.google.com/file/d/17VoCtbHdrvktdcXRUwWgsC-SxKW1OCoS/view?usp=drivesdk', '71B', 'EX 702'),
(27, 'https://drive.google.com/file/d/1VXEpTVqAzzJ_qXM78TTrvLF5rDHgznuS/view?usp=drivesdk', '70B', 'EX 702'),
(28, NULL, '69B', 'EX 702'),
(29, NULL, '75R', 'CT 725 02'),
(30, 'https://drive.google.com/file/d/1NlLHMWk3gnbI4PaaXMWZdZ3-A7v_w82P/view?usp=drivesdk', '74R', 'CT 725 02'),
(31, 'https://drive.google.com/file/d/1lXXaQVBVcyVLdNR37WOOfX5ie660A3JS/view?usp=drivesdk', '73R', 'CT 725 02'),
(32, 'https://drive.google.com/file/d/1YwWh4RO7deRE3wpYBiyxpbO70ea6nuyi/view?usp=drivesdk', '72R', 'CT 725 02'),
(33, 'https://drive.google.com/file/d/12PgknBBQHjYcImgrWncFyzTxAvEQbECF/view?usp=drivesdk', '71R', 'CT 725 02'),
(34, 'https://drive.google.com/file/d/18jXRrYUHL1ze58ql58IyJz2ve1v3kF-E/view?usp=drivesdk', '70R', 'CT 725 02'),
(35, 'https://drive.google.com/file/d/1UE3VRKyxriIpF7v6XrJMgNuL8k18pkmC/view?usp=drivesdk', '69R', 'CT 725 02'),
(36, 'https://drive.google.com/file/d/1VTvQpDfVKFHhXZ9Api3yJvzwPCMTOvoq/view?usp=drivesdk', '75B', 'CT 725 02'),
(37, 'https://drive.google.com/file/d/1jJoOdQBNld1hDe11ae_eMSASvGzOEULk/view?usp=drivesdk', '74B', 'CT 725 02'),
(38, 'https://drive.google.com/file/d/1U2Q3snXT0XrTFJyqt-j7hpiOzRiIK9Tl/view?usp=drivesdk', '73B', 'CT 725 02'),
(39, 'https://drive.google.com/file/d/1cH2c9vGyrkdWaWUFn21HPWbXBVzuXqE8/view?usp=drivesdk', '72B', 'CT 725 02'),
(40, 'https://drive.google.com/file/d/1p-DGaD_lbY5izwbBjNKMdPCF46IzT2yz/view?usp=drivesdk', '71B', 'CT 725 02'),
(41, NULL, '70B', 'CT 725 02'),
(42, NULL, '69B', 'CT 725 02'),
(43, NULL, '75R', 'EX 701'),
(44, 'https://drive.google.com/file/d/1z5qy6dIhBH69XTNzvMZne3ZySYHmndkl/view?usp=drivesdk', '74R', 'EX 701'),
(45, 'https://drive.google.com/file/d/144Sc880Ax-sX6ETtKXO5KHtMZaQsqtRY/view?usp=drivesdk', '73R', 'EX 701'),
(46, 'https://drive.google.com/file/d/1L1ZSWi25IYtcAxHXpFO3UpgkWUH2ztCQ/view?usp=drivesdk', '72R', 'EX 701'),
(47, 'https://drive.google.com/file/d/1JKZv4PJhFOipKylqBxnZVR-i4QwYKLUS/view?usp=drivesdk', '71R', 'EX 701'),
(48, 'https://drive.google.com/file/d/113pUv1-5BO3kbNJi8iHnKbfN3SWmT5Lo/view?usp=drivesdk', '70R', 'EX 701'),
(49, 'https://drive.google.com/file/d/1v-FvGOT2Vd_wctHnuD1cOI1RPX-aPrG2/view?usp=drivesdk', '69R', 'EX 701'),
(50, NULL, '75B', 'EX 701'),
(51, NULL, '74B', 'EX 701'),
(52, 'https://drive.google.com/file/d/1M9EuVxSa-gIvZoHKJAq67l1-B2SuxckN/view?usp=drivesdk', '73B', 'EX 701'),
(53, 'https://drive.google.com/file/d/10bsfOUVkFOT8O8dJC7Jvz7EsvBx1twJ8/view?usp=drivesdk', '72B', 'EX 701'),
(54, 'https://drive.google.com/file/d/1WaGBJaunburUqzuxK6hITjkl18ZJsqFi/view?usp=drivesdk', '71B', 'EX 701'),
(55, 'https://drive.google.com/file/d/1QWJA4lgnSavWxqb2jwk0kMOfPMI3IhyF/view?usp=drivesdk', '70B', 'EX 701'),
(56, '', '69B', 'EX 701'),
(57, '', '75R', 'EX 704'),
(58, 'https://drive.google.com/file/d/1wDGgW3PnWw4cxwYQCw5G3JL6-EeZ2HGc/view?usp=drivesdk', '74R', 'EX 704'),
(59, 'https://drive.google.com/file/d/1WJJ06mPknfH-1htVHi-WR4lb0NJ-Ydra/view?usp=drivesdk', '73R', 'EX 704'),
(60, 'https://drive.google.com/file/d/1vy6ak8EFM1VMyJ-t2z-dW_ph05Il2PMW/view?usp=drivesdk', '72R', 'EX 704'),
(61, 'https://drive.google.com/file/d/1EBmcJo9JGtFvo-qtvGahz-GT6xAOCTWW/view?usp=drivesdk', '71R', 'EX 704'),
(62, 'https://drive.google.com/file/d/1xZkygfqDsm4Pu9T2xrsIy8XkJt7xf97Q/view?usp=drivesdk', '70R', 'EX 704'),
(63, 'https://drive.google.com/file/d/18WoRTnL6EtGSug_hSQT-TY9c9KfsKrJ8/view?usp=drivesdk', '69R', 'EX 704'),
(64, '', '75B', 'EX 704'),
(65, 'https://drive.google.com/file/d/1bHqOpdi8vti7Iuevgdba9h91n7yaJSGk/view?usp=drivesdk', '74B', 'EX 704'),
(66, 'https://drive.google.com/file/d/1c3GaTeMMzkxKqSSYCAWg3rpIn7GIggoe/view?usp=drivesdk', '73B', 'EX 704'),
(67, 'https://drive.google.com/file/d/1q308L7sYwSPZC-qZrEY-xCY_i1_jp83e/view?usp=drivesdk', '72B', 'EX 704'),
(68, 'https://drive.google.com/file/d/1yWenAvagld0Q6dR_Pi9Mdb-6fmqU6RZf/view?usp=drivesdk', '71B', 'EX 704'),
(69, 'https://drive.google.com/file/d/1HVdyNoEomrp0guAt5L_6xbrlKreTUFNS/view?usp=drivesdk', '70B', 'EX 704'),
(70, '', '69B', 'EX 704'),
(71, '', '75R', 'EX 703'),
(72, 'https://drive.google.com/file/d/1KqgfO3WJhYObfjBpG1S214oNDUMjeNnr/view?usp=drivesdk', '74R', 'EX 703'),
(73, 'https://drive.google.com/file/d/1jLvyREzgslW_0MhAsKH2U2_Bpr7WaNh-/view?usp=drivesdk', '73R', 'EX 703'),
(74, 'https://drive.google.com/file/d/1-Nsqy8uCdZ5o4ID6dCSw_IZrMNuuvF80/view?usp=drivesdk', '72R', 'EX 703'),
(75, 'https://drive.google.com/file/d/1a3rXB-c4vunEJNfwLhWbh2zC2R9OBZbY/view?usp=drivesdk', '71R', 'EX 703'),
(76, 'https://drive.google.com/file/d/1Ga6ZURVjR2QCxeHX4xoG2M-DnNe0rVS2/view?usp=drivesdk', '70R', 'EX 703'),
(77, 'https://drive.google.com/file/d/1ulFqjvqOotKpNxqeFpWyV7_54jAQUXlW/view?usp=drivesdk', '69R', 'EX 703'),
(78, '', '75B', 'EX 703'),
(79, 'https://drive.google.com/file/d/1tR-juSUEJjk37z6CNyafl7kNSvOrn7WG/view?usp=drivesdk', '74B', 'EX 703'),
(80, 'https://drive.google.com/file/d/1iFfJ9lCJTmO1bjcvSY1dIkO2SZBoap_U/view?usp=drivesdk', '73B', 'EX 703'),
(81, 'https://drive.google.com/file/d/1GujRlJ8TQyTwj-zVNGhcNrWKs4Qd8A4M/view?usp=drivesdk', '72B', 'EX 703'),
(82, 'https://drive.google.com/file/d/12ZzF2yZmGS5zn2vM7H-bnytTB75J7Aco/view?usp=drivesdk', '71B', 'EX 703'),
(83, 'https://drive.google.com/file/d/1Q9LI4ilduKLfpyajgcqu8ZUJdLrIgOji/view?usp=drivesdk', '70B', 'EX 703'),
(84, '', '69B', 'EX 703'),
(85, '', '75R', 'ME 708'),
(86, 'https://drive.google.com/file/d/1-PaJCKg-T5Pf8JtbxCSV01tqmzKzNKtB/view?usp=drivesdk', '74R', 'ME 708'),
(87, 'https://drive.google.com/file/d/1X9A-GJLWsKTp0t1pzAx7mf4fzNpW4yvm/view?usp=drivesdk', '73R', 'ME 708'),
(88, 'https://drive.google.com/file/d/1YDXxCn2fokT5FDoPj_tenFJJScFsmSQN/view?usp=drivesdk', '72R', 'ME 708'),
(89, 'https://drive.google.com/file/d/1NKw-G2Uq_OrcL1sVlrHZ9fgH-F7WFGi3/view?usp=drivesdk', '71R', 'ME 708'),
(90, 'https://drive.google.com/file/d/193fdKxQrZRMiH7G7Z3nlVfrVz1bALjIF/view?usp=drivesdk', '70R', 'ME 708'),
(91, 'https://drive.google.com/file/d/17dDMevgix55dRhmte4iSDkUxaX_Nlv3E/view?usp=drivesdk', '69R', 'ME 708'),
(92, '', '75B', 'ME 708'),
(93, 'https://drive.google.com/file/d/1o-2U7epXKYqT_o8wdNVqkCaLfq_rhrHt/view?usp=drivesdk', '74B', 'ME 708'),
(94, 'https://drive.google.com/file/d/1hcnoTscbvmijsSvpoRGZsWYTgL3uGQWM/view?usp=drivesdk', '73B', 'ME 708'),
(95, 'https://drive.google.com/file/d/12nUIcM0FNOu4j9u9rV8HirimwUAlwOwp/view?usp=drivesdk', '72B', 'ME 708'),
(96, 'https://drive.google.com/file/d/15rGuB1d_khVoTK9UNd6BRhUcfLx-AoaT/view?usp=drivesdk', '71B', 'ME 708'),
(97, 'https://drive.google.com/file/d/1liOqervaTnTb9G4okiZoMMPFP48HmrXR/view?usp=drivesdk', '70B', 'ME 708'),
(98, '', '69B', 'ME 708'),
(99, 'https://drive.google.com/file/d/1oXvlxnufGugxXJHsnJQxDIE3amPPmWFD/view?usp=drivesdk', '75R', 'EX 753'),
(100, 'https://drive.google.com/file/d/1Hu9jb5I447ZA79je9BwPij5GwdYheJGZ/view?usp=drivesdk', '74R', 'EX 753'),
(101, 'https://drive.google.com/file/d/1i9VA0IQ2-wqvJb5uzSIEZB4pTdOiyNys/view?usp=drivesdk', '73R', 'EX 753'),
(102, 'https://drive.google.com/file/d/1K_UHyTvVoaQUkOkmZFDqU9hGH9y5Ltnm/view?usp=drivesdk', '72R', 'EX 753'),
(103, 'https://drive.google.com/file/d/1syz0Jdarj3RJhGZykvSszCO-nrvbrZAm/view?usp=drivesdk', '71R', 'EX 753'),
(104, 'https://drive.google.com/file/d/158loEUB8jt-89uE21bpxiwnZQpmCoU9p/view?usp=drivesdk', '70R', 'EX 753'),
(105, 'https://drive.google.com/file/d/1OtOrggBRWN1_6Sv3cUmvgNUpEXAZ-iG1/view?usp=drivesdk', '69R', 'EX 753'),
(106, '', '75B', 'EX 753'),
(107, 'https://drive.google.com/file/d/1Dsm9kKE52PrXqRcNbQk3lqmd5z6Ud337/view?usp=drivesdk', '74B', 'EX 753'),
(108, 'https://drive.google.com/file/d/1AtobqlITkCNJhH3Qy1GEzCRe8Kisu046/view?usp=drivesdk', '73B', 'EX 753'),
(109, 'https://drive.google.com/file/d/1mYPuwoRY0jnPykRtVRB2aK9-ZFJMLM0D/view?usp=drivesdk', '72B', 'EX 753'),
(110, '', '71B', 'EX 753'),
(111, 'https://drive.google.com/file/d/1ooWY7PmZZTY1QU426mOxy7xhltSsNT0o/view?usp=drivesdk', '70B', 'EX 753'),
(112, NULL, '69B', 'EX 753'),
(113, 'https://drive.google.com/file/d/1b5tRG0w76qmFJ4UpS3QxN_RXKcg_AVD4/view?usp=drivesdk', '74R', 'EX 725 01'),
(114, '', '75R', 'CE 752'),
(115, 'https://drive.google.com/file/d/1nASRT0sXBp-m1AVGLiInhbXQUlrNEZen/view?usp=drivesdk', '74R', 'CE 752'),
(116, 'https://drive.google.com/file/d/1QeKO4oE-sWPJq2uwmBsQ0DOzg3IIxes_/view?usp=drivesdk', '73R', 'CE 752'),
(117, 'https://drive.google.com/file/d/1z7VyJ7pu2GerEE5EWXw1UHmMKV8OjohK/view?usp=drivesdk', '72R', 'CE 752'),
(118, 'https://drive.google.com/file/d/1LkIwcxG8qG5cDCGJGfp42iqlbMM5DqeF/view?usp=drivesdk', '71R', 'CE 752'),
(119, 'https://drive.google.com/file/d/1Es7BHpBZ53uPx5Sl43ASTzjPGcKWL6z8/view?usp=drivesdk', '70R', 'CE 752'),
(120, 'https://drive.google.com/file/d/1bfchjr68mifOqVQWREX_6jWPkEQpVGJ1/view?usp=drivesdk', '69R', 'CE 752'),
(121, '', '75B', 'CE 752'),
(122, 'https://drive.google.com/file/d/12Rth6md0gdW7NJJqwTYCh9gwPdo_mplF/view?usp=drivesdk', '74B', 'CE 752'),
(123, 'https://drive.google.com/file/d/18Oy_2C0Y3TzQ5rC1Eaf332xNLLACMll6/view?usp=drivesdk', '73B', 'CE 752'),
(124, 'https://drive.google.com/file/d/1pjo9iJcbNf50fPywDcg_VJoXUG9hkmGP/view?usp=drivesdk', '72B', 'CE 752'),
(125, 'https://drive.google.com/file/d/1PIUuwwHrWGkXN3MLtgRcyiEiJnpdzJyj/view?usp=drivesdk', '71B', 'CE 752'),
(126, '', '70B', 'CE 752'),
(127, '', '69B', 'CE 752'),
(128, '', '75R', 'EX 752'),
(129, 'https://drive.google.com/file/d/1e7Yg16wauYhYUGyTL2in-hiwfgD4sk6D/view?usp=drivesdk', '74R', 'EX 752'),
(130, '', '73R', 'EX 752'),
(131, 'https://drive.google.com/file/d/1fUEZK3gqKGERK3HttpaJrtrAgb9m6hiR/view?usp=drivesdk', '72R', 'EX 752'),
(132, 'https://drive.google.com/file/d/1BepVEVGIB5gUtnDRjmjo656zcyYIyI_d/view?usp=drivesdk', '71R', 'EX 752'),
(133, 'https://drive.google.com/file/d/1FsNF69r9JiCLAJRyKOEZcgV0u9TMkuCO/view?usp=drivesdk', '70R', 'EX 752'),
(134, 'https://drive.google.com/file/d/1Hfy8d_XRTS2POUzkVjEus8H4mXdfyj3P/view?usp=drivesdk', '69R', 'EX 752'),
(135, '', '75B', 'EX 752'),
(136, '', '74B', 'EX 752'),
(137, 'https://drive.google.com/file/d/1ZTUde9KtsDvlFz6ooaGl_sy039u6vQjX/view?usp=drivesdk', '73B', 'EX 752'),
(138, 'https://drive.google.com/file/d/1r_84CwXA9KnjpHNG_l4Ma_QVDfxegESS/view?usp=drivesdk', '72B', 'EX 752'),
(139, 'https://drive.google.com/file/d/1xRHHCouqUQk3C7DcbIZLzEpS6yoamh5a/view?usp=drivesdk', '71B', 'EX 752'),
(140, 'https://drive.google.com/file/d/1hm4g3b_RW0b4GtuWQFGZ6xm_ZjgEQA5-/view?usp=drivesdk', '70B', 'EX 752'),
(141, '', '69B', 'EX 752'),
(142, '', '75R', 'CT 652'),
(143, 'https://drive.google.com/file/d/1Z2-PZ9qt73XlBfPybtI0UY6yluYI27x3/view?usp=sharing', '74R', 'CT 652'),
(144, 'https://drive.google.com/file/d/1RA1Cj3IcSSwwkZmzDLeoIcybfAmeKUG4/view?usp=sharing', '73R', 'CT 652'),
(145, 'https://drive.google.com/file/d/1nwMID9S_IvbvX0uCFSuCutDhtUfj6t5_/view?usp=sharing', '72R', 'CT 652'),
(146, 'https://drive.google.com/file/d/11QjS_YJHPvrRmM4NMhV1wF4pDPfx6AdQ/view?usp=sharing', '71R', 'CT 652'),
(147, 'https://drive.google.com/file/d/1EVLbwM73HiJ5MVZ1U0cb1BtJCJfddLNd/view?usp=sharing', '70R', 'CT 652'),
(148, 'https://drive.google.com/file/d/1AVNJVNcWhW2CMzV9r00qeNecxkwlLCvB/view?usp=sharing', '69R', 'CT 652'),
(149, 'https://drive.google.com/file/d/1VNIgnIQrUbrjQHx9YAPfrw_Yne4CnU6N/view?usp=sharing', '75B', 'CT 652'),
(150, '', '74B', 'CT 652'),
(151, 'https://drive.google.com/file/d/1X360FmN4zq7A6qhYK3nx2z1_zH_qjegw/view?usp=sharing', '73B', 'CT 652'),
(152, 'https://drive.google.com/file/d/1sk4KzTIMbqJ9z5NDeN78BwjpIU5YLf1w/view?usp=sharing', '72B', 'CT 652'),
(153, 'https://drive.google.com/file/d/1eQygMyjsxq_pslgIkhyDVvuHFQXt7jAT/view?usp=sharing', '71B', 'CT 652'),
(154, 'https://drive.google.com/file/d/1gOjQJMH4Z-n5vTQXp7AZ3FvPyxlHayam/view?usp=sharing', '70B', 'CT 652'),
(155, '', '69B', 'CT 652'),
(156, 'https://drive.google.com/file/d/10HMNQatFJkxI9vLicm7DuIjGra33LohD/view?usp=drivesdk', '75R', 'EX 751'),
(157, 'https://drive.google.com/file/d/1nbTz1EgHNKvx5nIpc8fn9fuZe3gSzscP/view?usp=drivesdk', '74R', 'EX 751'),
(158, 'https://drive.google.com/file/d/1OUiDg0DnNbdVt1PgyAMOz3v3GNOYFF4_/view?usp=drivesdk', '73R', 'EX 751'),
(159, 'https://drive.google.com/file/d/1KgfBj-KrMTqeKolTu8QkDzycBvF3VpG9/view?usp=drivesdk', '72R', 'EX 751'),
(160, 'https://drive.google.com/file/d/1oJ50ae5PqXaSNsViKDqqvKpWb_81AC6m/view?usp=drivesdk', '71R', 'EX 751'),
(161, 'https://drive.google.com/file/d/1KsOMZZ8t6gUKgjZCP7dlBNkGADBSgKcd/view?usp=drivesdk', '70R', 'EX 751'),
(162, '', '69R', 'EX 751'),
(163, '', '75B', 'EX 751'),
(164, 'https://drive.google.com/file/d/1V-jzk52MaByLcWyQgd7yiFwesfosUbTI/view?usp=drivesdk', '74B', 'EX 751'),
(165, 'https://drive.google.com/file/d/1VbRSqnrQiNNg6u6hyOrSicMp108oQrfO/view?usp=drivesdk', '73B', 'EX 751'),
(166, 'https://drive.google.com/file/d/16XHXTU3aagq2Ujop8YJGA3W2kFTjvxM0/view?usp=drivesdk', '72B', 'EX 751'),
(167, 'https://drive.google.com/file/d/1VGdCxwhoZoS4oJHS9uJOA5FCBPjVpmS6/view?usp=drivesdk', '71B', 'EX 751'),
(168, 'https://drive.google.com/file/d/1VElAnczXFe4QjfLYEzFETYcAlBsGYeXI/view?usp=drivesdk', '70B', 'EX 751'),
(169, '', '69B', 'EX 751'),
(170, '', '75R', 'CT 653'),
(171, 'https://drive.google.com/file/d/100Df7-q31yJNCe4u8QjcsJEu5PPTkqrt/view?usp=drivesdk', '74R', 'CT 653'),
(172, 'https://drive.google.com/file/d/1-t7w7s6cDlO6Edn_hp3z4ijvYy2YkH-k/view?usp=drivesdk', '73R', 'CT 653'),
(173, 'https://drive.google.com/file/d/10HegPOwbF83_ThW8Vw673jdnhASoC_d2/view?usp=drivesdk', '72R', 'CT 653'),
(174, 'https://drive.google.com/file/d/109AWzLehTjFaXuVpaV-itO1CjzuDdk9E/view?usp=drivesdk', '71R', 'CT 653'),
(175, 'https://drive.google.com/file/d/106BOV9UE33CyScyu9w4eEbAc9g_59sCf/view?usp=drivesdk', '70R', 'CT 653'),
(176, 'https://drive.google.com/file/d/1067EWMRSQW_QWnrLHHlFLSQIlqXWgBgK/view?usp=drivesdk', '69R', 'CT 653'),
(177, 'https://drive.google.com/file/d/1-Sw78ABiwiQ4Z1Tgem31zc5OVILwb3nc/view?usp=drivesdk', '75B', 'CT 653'),
(178, '', '74B', 'CT 653'),
(179, 'https://drive.google.com/file/d/1-t2eUMUKSt9DyCZAdZ9P2wz6m3CfwDKQ/view?usp=drivesdk', '73B', 'CT 653'),
(180, 'https://drive.google.com/file/d/1-q80fRZNwJkvPteL5G8VzP0OIDWxT-KL/view?usp=drivesdk', '72B', 'CT 653'),
(181, 'https://drive.google.com/file/d/1-YKJr5hrH9zvz-5YDgPqoBKXaI_c9j7q/view?usp=drivesdk', '71B', 'CT 653'),
(182, 'https://drive.google.com/file/d/1-YKJr5hrH9zvz-5YDgPqoBKXaI_c9j7q/view?usp=drivesdk', '70B', 'CT 653'),
(183, 'https://drive.google.com/file/d/1-ThXz4tWZAaT5M2j7lsySl4AVPR2PRdO/view?usp=drivesdk', '69B', 'CT 653'),
(184, NULL, '75R', 'SH 501'),
(185, NULL, '75B', 'SH 501'),
(186, 'https://drive.google.com/file/d/1OrLQxweZskOsFXiTMdLOyPgoNX03h9p_/view?usp=sharing', '74R', 'SH 501'),
(187, 'https://drive.google.com/file/d/1RYEYYkGqav6wAFBIhQ2yn_CLqOZbRUu-/view?usp=sharing', '74B', 'SH 501'),
(188, 'https://drive.google.com/file/d/1NDIAi9c4DXJOL9boHeFMPqp4nqdTU-Cs/view?usp=sharing', '73R', 'SH 501'),
(189, 'https://drive.google.com/file/d/1U2BYsL1UmiWKDpORbOMbR91bZdCnAXim/view?usp=sharing', '73B', 'SH 501'),
(190, 'https://drive.google.com/file/d/1H3WewUEKXLE3Y4tYwfH28iaaDz960brq/view?usp=sharing', '72R', 'SH 501'),
(191, 'https://drive.google.com/file/d/1ICd4mkLorq0tZffx91GOo0QlbTPUUbmb/view?usp=sharing', '72B', 'SH 501'),
(192, 'https://drive.google.com/file/d/1Z1gediDnnAGHsM1EIHeoUXzXsWhIMfu8/view?usp=sharing', '71R', 'SH 501'),
(193, 'https://drive.google.com/file/d/1bSEPv3Dg_O9j1QZK08o9IDQjikgRKpsg/view?usp=sharing', '71B', 'SH 501'),
(194, 'https://drive.google.com/file/d/1-OCTmnIlNlxyRKmXEsEIdWnpj-dRtYa7/view?usp=sharing', '70R', 'SH 501'),
(195, 'https://drive.google.com/file/d/1RFoVDrKMnGwIn8z8i6qRcGEwBz_L2-T-/view?usp=sharing', '70B', 'SH 501'),
(196, 'https://drive.google.com/file/d/1HwZq3xP9NWa_kNfKPKqPNAr7dZgDjgY3/view?usp=sharing', '69R', 'SH 501'),
(197, 'https://drive.google.com/file/d/1yfgMDEB-6pPCyb6bCaaatw73fXiwIYhY/view?usp=sharing', '69B', 'SH 501'),
(198, NULL, '75R', 'CT 501'),
(199, NULL, '75B', 'CT 501'),
(200, 'https://drive.google.com/file/d/1vuw0_Ag6p2n1dNZCqLHZldOW9eG30gHB/view?usp=sharing', '74R', 'CT 501'),
(201, 'https://drive.google.com/file/d/10MjD7E_1LSbWSrpdDLi7pz85nIZ04rw_/view?usp=sharing', '74B', 'CT 501'),
(202, 'https://drive.google.com/file/d/15FooZxXO6T16ZK2qsXVtSvsw3uffbsn5/view?usp=sharing', '73R', 'CT 501'),
(203, 'https://drive.google.com/file/d/1rF2UGobTAWi6Hn5V1on3TTy6Ln5UNQ3n/view?usp=sharing', '73B', 'CT 501'),
(204, 'https://drive.google.com/file/d/1sKPI1JKrQR5rL-UvW9Gb3ovT4yDtXgf2/view?usp=sharing', '72R', 'CT 501'),
(205, 'https://drive.google.com/file/d/1f5qvlzbHNn3ZxH0IFVEA7mxlLWq9hWlj/view?usp=sharing', '72B', 'CT 501'),
(206, 'https://drive.google.com/file/d/14qc14mK1KnxGbwFqq8CdhIsTbVbZMwyl/view?usp=sharing', '71R', 'CT 501'),
(207, 'https://drive.google.com/file/d/13s-PcEW7428nxK316iRf8ROWlVZ1cOMk/view?usp=sharing', '71B', 'CT 501'),
(208, 'https://drive.google.com/file/d/1C0Pa_cv3Ra7jw6CcS8julV05ac3_chvN/view?usp=sharing', '70R', 'CT 501'),
(209, 'https://drive.google.com/file/d/1qG5Pxb09WAxMZD7cWa247avfQzhPQX4S/view?usp=sharing', '70B', 'CT 501'),
(210, 'https://drive.google.com/file/d/1CjhNfSMIUoZU-Gc2FeHCbgtYy_rBYS3h/view?usp=sharing', '69R', 'CT 501'),
(211, 'https://drive.google.com/file/d/1kjQm4H8NKaFnFbp3VcusAxjB_k6shdA_/view?usp=sharing', '69B', 'CT 501'),
(212, NULL, '75R', 'EE 501'),
(213, NULL, '75B', 'EE 501'),
(214, 'https://drive.google.com/file/d/1PHJea6Uj5oLjUMChABeajtfm1KuwZS2F/view?usp=sharing', '74R', 'EE 501'),
(215, 'https://drive.google.com/file/d/1StcoLfp_4wSHdh8nGLWyCRamZXhG2dEw/view?usp=sharing', '74B', 'EE 501'),
(216, 'https://drive.google.com/file/d/1uxXR3_W0ewSvRXuzhZ1b1Hg_dW3J018_/view?usp=sharing', '73R', 'EE 501'),
(217, 'https://drive.google.com/file/d/1Nc5KLvCUvsTEo8MbdbNKDb5M8N55O3AM/view?usp=sharing', '73B', 'EE 501'),
(218, 'https://drive.google.com/file/d/1uer7w3UIiKKPZjUlldEPydy4HdH3v2ZA/view?usp=sharing', '72R', 'EE 501'),
(219, 'https://drive.google.com/file/d/1zSYoa5n6RKGUOccu40D-IfC_6u9YLICm/view?usp=sharing', '72B', 'EE 501'),
(220, 'https://drive.google.com/file/d/1hDzisWNl5KlvUHaSbY4mi0mZ6SRB6IT1/view?usp=sharing', '71R', 'EE 501'),
(221, 'https://drive.google.com/file/d/1EE1O6Tyx5LvShU6B0QomqauqziBgZiOH/view?usp=sharing', '71B', 'EE 501'),
(222, 'https://drive.google.com/file/d/1Jnl8NgxRWJukuCfTCWvTm9sFtH13N88L/view?usp=sharing', '70R', 'EE 501'),
(223, 'https://drive.google.com/file/d/1GpwKCJP-lW5afyNo1cFz2o6dYdVOH-Ly/view?usp=sharing', '70B', 'EE 501'),
(224, 'https://drive.google.com/file/d/18ekJ9X6J13AdMC6DkhRLWHKPqR0E-Kuv/view?usp=sharing', '69R', 'EE 501'),
(225, 'https://drive.google.com/file/d/19siD8U7-vrEVomd0zR-XvywGn0bZzXuc/view?usp=sharing', '69B', 'EE 501'),
(226, NULL, '75R', 'EE 502'),
(227, NULL, '75B', 'EE 502'),
(228, 'https://drive.google.com/file/d/1InLMkEF_VgZ0m1TkeC-FRZ98Cz0R5Xov/view?usp=sharing', '74R', 'EE 502'),
(229, 'https://drive.google.com/file/d/1LaTWxq2CY00UKzSJnFcf87seDYU3OVon/view?usp=sharing', '74B', 'EE 502'),
(230, 'https://drive.google.com/file/d/1-WgcEoRRthEWkmG9KcCQSjBpwkAjVRKA/view?usp=sharing', '73R', 'EE 502'),
(231, 'https://drive.google.com/file/d/1CRFiJ54XKhvp3EQ630hwkJh43EHJk2mD/view?usp=sharing', '73B', 'EE 502'),
(232, 'https://drive.google.com/file/d/1tPxQqGmpghrBSyLnL8zQ8vu5-gpwNPyo/view?usp=sharing', '72R', 'EE 502'),
(233, 'https://drive.google.com/file/d/1jMkAjgpCO_EWf9wdvDXKwg0gVLXwhgW3/view?usp=sharing', '72B', 'EE 502'),
(234, 'https://drive.google.com/file/d/1DYwzPOiIR2bYtivdNZvHlmJIp31PV93n/view?usp=sharing', '71R', 'EE 502'),
(235, 'https://drive.google.com/file/d/1KSYkwV68BZZcn9WYT-p-lRNoSlmPzuij/view?usp=sharing', '71B', 'EE 502'),
(236, 'https://drive.google.com/file/d/1lzhspf7qRuBjmmumdmJinbScyQUvMhXn/view?usp=sharing', '70R', 'EE 502'),
(237, 'https://drive.google.com/file/d/18DxHfseA1gjua2DnaXHvBksG8HKYvf82/view?usp=sharing', '70B', 'EE 502'),
(238, 'https://drive.google.com/file/d/1JpYfr2I0DAwuLkgKSiB63_ml09D-Gs1U/view?usp=sharing', '69R', 'EE 502'),
(239, 'https://drive.google.com/file/d/1YmQ2wuuBA0BlegNkef9vGEWjvvlANv23/view?usp=sharing', '69B', 'EE 502'),
(240, NULL, '75R', 'EX 501'),
(241, NULL, '75B', 'EX 501'),
(242, 'https://drive.google.com/file/d/1cQVI8-RK0CCKdZF_4xuVKMULCMgMQ3Uo/view?usp=sharing', '74R', 'EX 501'),
(243, 'https://drive.google.com/file/d/13LWbK42JRSlEOOtj4wTM3lNUYubd1oG6/view?usp=sharing', '74B', 'EX 501'),
(244, 'https://drive.google.com/file/d/1x4BdJMZIwEsiYoUxOqoZ6NPWgqD2ZN9C/view?usp=sharing', '73R', 'EX 501'),
(245, 'https://drive.google.com/file/d/1nTnlbg53BYf9unLxpt0M49RUnMdGr416/view?usp=sharing', '73B', 'EX 501'),
(246, 'https://drive.google.com/file/d/16PDyVFENiwrThlW0dyIj7zs0DzDN60wD/view?usp=sharing', '72R', 'EX 501'),
(247, 'https://drive.google.com/file/d/12WYFZPKfif2e-dgycRrHRYJLkIBf4w1i/view?usp=sharing', '72B', 'EX 501'),
(248, 'https://drive.google.com/file/d/1uEDYWUXFG1nrNtXb_ZTOfqL_xtbjHeYb/view?usp=sharing', '71R', 'EX 501'),
(249, 'https://drive.google.com/file/d/1_IMrBcltG4_PoqJuhtKhkKPtP6AxQMgJ/view?usp=sharing', '71B', 'EX 501'),
(250, 'https://drive.google.com/file/d/1ggFqSwYVYXfZm_qYSDJj6HBg063DqeHZ/view?usp=sharing', '70R', 'EX 501'),
(251, 'https://drive.google.com/file/d/1vcBwSnTaC9zJ0-14FCnziqle_uxIxTmo/view?usp=sharing', '70B', 'EX 501'),
(252, 'https://drive.google.com/file/d/1VXKb16yJdhW4OOQLR0suoee98Iv8fz9_/view?usp=sharing', '69R', 'EX 501'),
(253, NULL, '69B', 'EX 501'),
(254, NULL, '75R', 'EX 502'),
(255, NULL, '75B', 'EX 502'),
(256, 'https://drive.google.com/file/d/1nE3tVV91aoX-Je-9vbzoSuAdQ9vRG9KI/view?usp=sharing', '74R', 'EX 502'),
(257, 'https://drive.google.com/file/d/1lzG_WKv0pnq5qSyuyDcUiqrw6CP8BnqH/view?usp=sharing', '74B', 'EX 502'),
(258, NULL, '73R', 'EX 502'),
(259, 'https://drive.google.com/file/d/1fP2ouVQ-5XBT-jaN8okv-IlwZdc3P3Xk/view?usp=sharing', '73B', 'EX 502'),
(260, 'https://drive.google.com/file/d/1cakIMlrhMDVjm52wyPcKaGQ86bqf2ORC/view?usp=sharing', '72R', 'EX 502'),
(261, 'https://drive.google.com/file/d/1d7z7c9aSIMuK30T0nv9vngyNp2NaiLmc/view?usp=sharing', '72B', 'EX 502'),
(262, 'https://drive.google.com/file/d/1BSI9k8aZRkLpSeQPeABOLiNri9dAA82n/view?usp=sharing', '71R', 'EX 502'),
(263, 'https://drive.google.com/file/d/10CHp9pCWyF27BRGqCAnsEv2LZhmMnRTK/view?usp=sharing', '71B', 'EX 502'),
(264, 'https://drive.google.com/file/d/1bCPGlauBvabszDjkbF28fWwsyy2jBCvA/view?usp=sharing', '70R', 'EX 502'),
(265, 'https://drive.google.com/file/d/1z1W-MHlRjACsJmY2YrZlfUaVaOGf_SzS/view?usp=sharing', '70B', 'EX 502'),
(266, 'https://drive.google.com/file/d/1jXvRE_4b5taGIZB0JnnZ-5-nFsxUWIOt/view?usp=sharing', '69R', 'EX 502'),
(267, 'https://drive.google.com/file/d/1nJHBHxoP4-tGuR7z4xd41uiGmx5wOwI9/view?usp=sharing', '69B', 'EX 502'),
(268, NULL, '75R', 'EX 503'),
(269, NULL, '75B', 'EX 503'),
(270, 'https://drive.google.com/file/d/1d9LwRGWTUGV_N7dtyyJJWtus1cphBRVz/view?usp=sharing', '74R', 'EX 503'),
(271, 'https://drive.google.com/file/d/1CkywSxBDqFOVkupO59gDR5rHFddR7SiK/view?usp=sharing', '74B', 'EX 503'),
(272, 'https://drive.google.com/file/d/1uL_nzNsl4g9xdwSxsvdCAvkxoJtYAO61/view?usp=sharing', '73R', 'EX 503'),
(273, 'https://drive.google.com/file/d/1axZprrTjCGknIBivx6hSgWU4Qs9gbuBF/view?usp=sharing', '73B', 'EX 503'),
(274, 'https://drive.google.com/file/d/1CGitRBz34gwlomWm9u3hm3nJq58ZrGkq/view?usp=sharing', '72R', 'EX 503'),
(275, 'https://drive.google.com/file/d/1tSCf58RGhRuW76VwAAlieJAzp8JkZmej/view?usp=sharing', '72B', 'EX 503'),
(276, 'https://drive.google.com/file/d/1tHJsOdl6Hb1FWfv-P7y2udlLvaBIL6Aj/view?usp=sharing', '71R', 'EX 503'),
(277, 'https://drive.google.com/file/d/1U6S-BWsjzqERa4ttasBeOu3nL8myTFcJ/view?usp=sharing', '71B', 'EX 503'),
(278, 'https://drive.google.com/file/d/1_Z6l9w7UYUz9QCbXve1DwhApo1eaRF_p/view?usp=sharing', '70R', 'EX 503'),
(279, 'https://drive.google.com/file/d/1UahRqwoGZnVaZw7JCy90G0wplEqntU6N/view?usp=sharing', '70B', 'EX 503'),
(280, 'https://drive.google.com/file/d/1QnHnI6DX-zTVOKQUoXOogwdKvpttnr__/view?usp=sharing', '69R', 'EX 503'),
(281, 'https://drive.google.com/file/d/1Fz_EVb8UgCahTlykwUm4KWhtMqhM_n8L/view?usp=sharing', '69B', 'EX 503'),
(282, NULL, '75R', 'EE 554'),
(283, 'https://drive.google.com/file/d/1kDPgqARI8PmudQ0haSx2O3ppchrGWj4f/view?usp=sharing', '75B', 'EE 554'),
(284, 'https://drive.google.com/file/d/1F4phQBHl5R7fJd4T1omPDPntuNXs8R6l/view?usp=sharing', '74R', 'EE 554'),
(285, NULL, '74B', 'EE 554'),
(286, 'https://drive.google.com/file/d/1O-J5kVZy6I8vf5s8Wxaw9yfd0u_aY9t_/view?usp=sharing', '73R', 'EE 554'),
(287, 'https://drive.google.com/file/d/1qaj0WU6P2bmGEN9sKBi1nh0JwuDY9awA/view?usp=sharing', '73B', 'EE 554'),
(288, 'https://drive.google.com/file/d/1r_gCS2oPgWBDSiOUNSH5gq5P1pZq_-cb/view?usp=sharing', '72R', 'EE 554'),
(289, 'https://drive.google.com/file/d/1IIZaw7xQpeuhQX03bo23WBjUy5LO78zB/view?usp=sharing', '72B', 'EE 554'),
(290, 'https://drive.google.com/file/d/1A6cnl1XTv50owXSNiTZbFaO6U61WOcgK/view?usp=sharing', '71R', 'EE 554'),
(291, 'https://drive.google.com/file/d/1uaXRvk5mPbQew-qG8aqzsLQSVXYhU55h/view?usp=sharing', '71B', 'EE 554'),
(292, 'https://drive.google.com/file/d/1g_hn0dRpTXibsoP-3pjl6WlD4JHjSVSh/view?usp=sharing', '70R', 'EE 554'),
(293, 'https://drive.google.com/file/d/1kSoLYyElf6Hh34zBfkkYlCiDcmAnD2jJ/view?usp=sharing', '70B', 'EE 554'),
(294, 'https://drive.google.com/file/d/1_UiB6rZwXm9d8ukemR5BhgC8cNu6T0j7/view?usp=sharing', '69R', 'EE 554'),
(295, 'https://drive.google.com/file/d/1oYZVLOIZZMRNo7xD4yvHypI0g2QlvNYL/view?usp=sharing', '69B', 'EE 554'),
(296, NULL, '75R', 'SH 553'),
(297, 'https://drive.google.com/file/d/174BRXnq99LfNoBB3UawnzaNzPyZ-z08q/view?usp=sharing', '75B', 'SH 553'),
(298, 'https://drive.google.com/file/d/18Q2tiR1odO0sltBMJ673F41bQAoFBH_3/view?usp=sharing', '74R', 'SH 553'),
(299, NULL, '74B', 'SH 553'),
(300, 'https://drive.google.com/file/d/1L7btK8Y0BXJu6dPHJ5MBPRpmAXHecPPd/view?usp=sharing', '73R', 'SH 553'),
(301, 'https://drive.google.com/file/d/110lw8HPT5sl3v_MOaG39lhMzHOLj5krT/view?usp=sharing', '73B', 'SH 553'),
(302, 'https://drive.google.com/file/d/1WxE9A-O6SbCEb_vEo_YD1HZR80bA81HS/view?usp=sharing', '72R', 'SH 553'),
(303, NULL, '72B', 'SH 553'),
(304, 'https://drive.google.com/file/d/1DbVW-8i6N6YsBfbW3uu6jf9by2NkPeza/view?usp=sharing', '71R', 'SH 553'),
(305, 'https://drive.google.com/file/d/1iSfPN9x4vzKYSl4LzrbiXOaWXgW5lMeD/view?usp=sharing', '71B', 'SH 553'),
(306, 'https://drive.google.com/file/d/1MocTX2z_i3tLxBDzEbJfP6oafdGLIOwa/view?usp=sharing', '70R', 'SH 553'),
(307, 'https://drive.google.com/file/d/1WPUUfmKyrT9IZjn3zxvOwV2K1I3I98KL/view?usp=sharing', '70B', 'SH 553'),
(308, 'https://drive.google.com/file/d/1gMZgMhP-PkQSpmB_yUWqNCHZp_He4RnH/view?usp=sharing', '69R', 'SH 553'),
(309, 'https://drive.google.com/file/d/1KMiybSda3VBihKoFhO9A57TWRFRcEyrv/view?usp=sharing', '69B', 'SH 553'),
(310, NULL, '75R', 'SH 551'),
(311, 'https://drive.google.com/file/d/19crYnZRdkbpPmqL8A1Fu1luUxlSPRvSu/view?usp=sharing', '75B', 'SH 551'),
(312, 'https://drive.google.com/file/d/1pYREGtyaYzr16C0pJNAvGWVqeZ4Cjc7_/view?usp=sharing', '74R', 'SH 551'),
(313, NULL, '74B', 'SH 551'),
(314, 'https://drive.google.com/file/d/1Hk39-N_IrAXyDC3PXI8Ji2Eby-4yGMh5/view?usp=sharing', '73R', 'SH 551'),
(315, 'https://drive.google.com/file/d/1c1ObvLrGU_zyQ5YYHepCB80-q30r3zuY/view?usp=sharing', '73B', 'SH 551'),
(316, 'https://drive.google.com/file/d/1aI_f5410c41rCFpWm-yAfZakRCczR9Fu/view?usp=sharing', '72R', 'SH 551'),
(317, NULL, '72B', 'SH 551'),
(318, 'https://drive.google.com/file/d/1j04cf9H_1z5juDrRd4HsEbX5y_TFKTht/view?usp=sharing', '71R', 'SH 551'),
(319, 'https://drive.google.com/file/d/1HgSPRxVGzg0IJjQm_3MVP9wv9yk_nJAW/view?usp=sharing', '71B', 'SH 551'),
(320, 'https://drive.google.com/file/d/1JC2P_i0LDUxlhTsz5iHKHXAe0FTKD8Gp/view?usp=sharing', '70R', 'SH 551'),
(321, 'https://drive.google.com/file/d/1rlx6RK-Ylm7FtKzqWQ-s0TjJTyX0eVzD/view?usp=sharing', '70B', 'SH 551'),
(322, 'https://drive.google.com/file/d/1fi9Gvhg5z8oZ3YnnOyW9dyLCx3zD9GgN/view?usp=sharing', '69R', 'SH 551'),
(323, 'https://drive.google.com/file/d/1dKcyfabEKB_kaKrBXyzj685G502gdSQy/view?usp=sharing', '69B', 'SH 551'),
(324, NULL, '75R', 'EE 552'),
(325, 'https://drive.google.com/file/d/10L4hQfTiLxVBcIfute-p5tSbI8s49ODw/view?usp=sharing', '75B', 'EE 552'),
(326, 'https://drive.google.com/file/d/1roO58Hr4J42yVuyv9NbgbGHrLa0Dw83L/view?usp=sharing', '74R', 'EE 552'),
(327, NULL, '74B', 'EE 552'),
(328, 'https://drive.google.com/file/d/1ySwcwwm8U-D8KZ9fGyznGruw1Z5g_ZK0/view?usp=sharing', '73R', 'EE 552'),
(329, 'https://drive.google.com/file/d/13HuVU8oyDo99kMOE-XCbXdN-sjkFxPnW/view?usp=sharing', '73B', 'EE 552'),
(330, 'https://drive.google.com/file/d/11DakvxE97v8tiQzusHS2dDSfKUKvYgky/view?usp=sharing', '72R', 'EE 552'),
(331, 'https://drive.google.com/file/d/1Wd-HesN9uR8Bc5RHCtA2UhiAtftYCTy5/view?usp=sharing', '72B', 'EE 552'),
(332, 'https://drive.google.com/file/d/1TkUPaMe4BeSwC2-rzIgPdrwkJa5kt_kh/view?usp=sharing', '71R', 'EE 552'),
(333, 'https://drive.google.com/file/d/1MnBM3oU1Nuy-emy315yDfGJ1_xYbyNvQ/view?usp=sharing', '71B', 'EE 552'),
(334, 'https://drive.google.com/file/d/1SMFKsgesWal3vNUqhN6-yIgoMl-_Sx_a/view?usp=sharing', '70R', 'EE 552'),
(335, 'https://drive.google.com/file/d/1lx4DE4_wHTnewL9c04PcNXNfpHR4QNoW/view?usp=sharing', '70B', 'EE 552'),
(336, 'https://drive.google.com/file/d/1vuiR-YpUpDxRuagvM2QXE1TZlSSHIqrS/view?usp=sharing', '69R', 'EE 552'),
(337, 'https://drive.google.com/file/d/1qt7t3Ow3at_d1Zp5QOYxK8v368muC32k/view?usp=sharing', '69B', 'EE 552'),
(338, NULL, '75R', 'EE 553'),
(339, 'https://drive.google.com/file/d/1g7l3c1o2ruI--xeDmNcSCefE2rJDNn3Z/view?usp=sharing', '75B', 'EE 553'),
(340, 'https://drive.google.com/file/d/1TJJ-ne1lXtWBDEyovKqII9hMbg9GuayQ/view?usp=sharing', '74R', 'EE 553'),
(341, NULL, '74B', 'EE 553'),
(342, 'https://drive.google.com/file/d/1KVuUUuSMmnI0Qt7gvnSYx5BFnGnhwYrH/view?usp=sharing', '73R', 'EE 553'),
(343, 'https://drive.google.com/file/d/1mKmSMDXogXjwcU1Il2uKufqg_mbK50nk/view?usp=sharing', '73B', 'EE 553'),
(344, 'https://drive.google.com/file/d/1qJf_YFC3unKOWnQTRnHapTz5jNhf060M/view?usp=sharing', '72R', 'EE 553'),
(345, 'https://drive.google.com/file/d/1SXT5AGzZ9d8uKfxbHBMKbkzq6e7TeoGB/view?usp=sharing', '72B', 'EE 553'),
(346, 'https://drive.google.com/file/d/1wcdhhFZbJBK-wE9u8r9g8RQbRndyA3x_/view?usp=sharing', '71R', 'EE 553'),
(347, 'https://drive.google.com/file/d/1njm5oLbKZc8wWfX9Y-8SSAE_x1KizzMa/view?usp=sharing', '71B', 'EE 553'),
(348, 'https://drive.google.com/file/d/1Em69oo_4rjZDfaXdAW4Cj1_Ao-FbngKf/view?usp=sharing', '70R', 'EE 553'),
(349, 'https://drive.google.com/file/d/1E2aIT1S4EynJZS80qm03HTCfsbKQ4G7K/view?usp=sharing', '70B', 'EE 553'),
(350, 'https://drive.google.com/file/d/1c2e1NOC_24UT9Yw8EOtP7eedqOYuMGPD/view?usp=sharing', '69R', 'EE 553'),
(351, NULL, '69B', 'EE 553'),
(352, NULL, '75R', 'EX 551'),
(353, 'https://drive.google.com/file/d/1ksDsDWoZlMEw8p228O_g178MnDJv5Z9t/view?usp=sharing', '75B', 'EX 551'),
(354, 'https://drive.google.com/file/d/19Wy7SgLWpUsILNef2EtRyFON08hUWpGU/view?usp=sharing', '74R', 'EX 551'),
(355, NULL, '74B', 'EX 551'),
(356, 'https://drive.google.com/file/d/1AvFJPzyscsdjeIugCM0Ezv5Ypekc2J6d/view?usp=sharing', '73R', 'EX 551'),
(357, 'https://drive.google.com/file/d/1dCp95mr2LU4iznJybk5_vIHSB80Qtq7f/view?usp=sharing', '73B', 'EX 551'),
(358, 'https://drive.google.com/file/d/1XdKFkW1QilKFr7wbHjvp6Qt4OZU_Es2e/view?usp=sharing', '72R', 'EX 551'),
(359, 'https://drive.google.com/file/d/1ciuBY5SB6T31tE6H4QWAelx-D1DGVRaS/view?usp=sharing', '72B', 'EX 551'),
(360, 'https://drive.google.com/file/d/1GcFSu3uVKcP6g5txjCZAHHWSAIr__AAi/view?usp=sharing', '71R', 'EX 551'),
(361, 'https://drive.google.com/file/d/1-PhvVuc55Phe1KxEEQVtVfWuoUmSpP4R/view?usp=sharing', '71B', 'EX 551'),
(362, 'https://drive.google.com/file/d/1DRfBTwXJUmOr1IXof4SjehcKBuuOvpSv/view?usp=sharing', '70R', 'EX 551'),
(363, 'https://drive.google.com/file/d/1CKjj49TjutLKN3g4mQbBd7A45bpDbIR8/view?usp=sharing', '70B', 'EX 551'),
(364, 'https://drive.google.com/file/d/16r-9BINn7OJoRArHamKZawPdz7ov_1nS/view?usp=sharing', '69R', 'EX 551'),
(365, NULL, '69B', 'EX 551'),
(366, NULL, '75R', 'CT 551'),
(367, 'https://drive.google.com/file/d/1AGNzoZMC5N8zKjQ4SgaAIYa_WheKZTLT/view?usp=sharing', '75B', 'CT 551'),
(368, 'https://drive.google.com/file/d/1kDaNun6K-yPIPpiYUkUIlkwoef1sq0w5/view?usp=sharing', '74R', 'CT 551'),
(369, NULL, '74B', 'CT 551'),
(370, 'https://drive.google.com/file/d/1s9if_VUFPxJgORVLjTnaX1z7E6oKyvyw/view?usp=sharing', '73R', 'CT 551'),
(371, 'https://drive.google.com/file/d/1VJG-jAXqsVxN_wrYRvFt2OvceNSNieOX/view?usp=sharing', '73B', 'CT 551'),
(372, 'https://drive.google.com/file/d/1BviUcZPJba-sibpQ6bPLvy_uT7pcqyTQ/view?usp=sharing', '72R', 'CT 551'),
(373, 'https://drive.google.com/file/d/1oFTegmZIt_Qy4RnCkyJ4R6vx-3A2Q9CN/view?usp=sharing', '72B', 'CT 551'),
(374, 'https://drive.google.com/file/d/1zw9zuShvA9miUkGxUQAZY8ZBqSa2Ioup/view?usp=sharing', '71R', 'CT 551'),
(375, 'https://drive.google.com/file/d/1HmoaFuBJlx9wz87OH08C25znen70dvCk/view?usp=sharing', '71B', 'CT 551'),
(376, 'https://drive.google.com/file/d/1e1fBdTkTFYuyQJIFXYOT4s7qQGAUsfJ2/view?usp=sharing', '70R', 'CT 551'),
(377, 'https://drive.google.com/file/d/1bakKUa2KDqNT5rWjtmQFCvPPpikqpAmt/view?usp=sharing', '70B', 'CT 551'),
(378, NULL, '69R', 'CT 551'),
(379, 'https://drive.google.com/file/d/1Br8mSAjmUBmJ9VLXm8r3lhtWfYlWLGZ-/view?usp=sharing', '69B', 'CT 551'),
(380, '', '75R', 'SH 601'),
(381, 'https://drive.google.com/file/d/1CkO8UXGui0MpJzkHabjgq8NgDextLZQ9/view?usp=sharing', '74R', 'SH 601'),
(382, 'https://drive.google.com/file/d/1lzmyaxhA09za1ANJjnJrM0IecDoVD-1d/view?usp=sharing', '73R', 'SH 601'),
(383, 'https://drive.google.com/file/d/1zi3XgpWurSCaVUHWtDa4ZHfFw5NQTvjY/view?usp=sharing', '72R', 'SH 601'),
(384, 'https://drive.google.com/file/d/1_X9mC1jP95XQrTGI4Jovjat9Iq0mDjGw/view?usp=sharing', '71R', 'SH 601'),
(385, 'https://drive.google.com/file/d/1xaOw8w-b-fERaMRDOlLF6I0IUGSrn7-8/view?usp=sharing', '70R', 'SH 601'),
(386, 'https://drive.google.com/file/d/1e5iIO_QUIH3bbG2QWdaTO8tQy0Y-sKjV/view?usp=sharing', '69R', 'SH 601'),
(387, '', '75B', 'SH 601'),
(388, 'https://drive.google.com/file/d/1lXb6jQMdJ1tyOULAq1YXcUbV8ZqyB13O/view?usp=sharing', '74B', 'SH 601'),
(389, 'https://drive.google.com/file/d/1nmQTjBruqJPITTEcKkjpHHIpOeb8MrnJ/view?usp=sharing', '73B', 'SH 601'),
(390, 'https://drive.google.com/file/d/179KKV0OLQT42kxMrHveV_wxwocQPhYLh/view?usp=sharing', '72B', 'SH 601'),
(391, 'https://drive.google.com/file/d/1SzV2H2ISQCSfio5pJfmeZzow7fw110cO/view?usp=sharing', '71B', 'SH 601'),
(392, 'https://drive.google.com/file/d/1qzcNAuClHN-6bsTD2iB9zFabx76u9Z3Q/view?usp=sharing', '70B', 'SH 601'),
(393, '', '69B', 'SH 601'),
(394, '', '75R', 'EX 601'),
(395, 'https://drive.google.com/file/d/1YlkCMu4iKQ1tau8L7s1dmfYcWnC1u0zf/view?usp=sharing', '74R', 'EX 601'),
(396, 'https://drive.google.com/file/d/1JxdWyJWrEifF7ipaGtBX7c0itBjSYvQF/view?usp=sharing', '73R', 'EX 601'),
(397, 'https://drive.google.com/file/d/1ttjuX-Z3QNfvyNNZTOLEzsJTeDtfFYU8/view?usp=sharing', '72R', 'EX 601'),
(398, 'https://drive.google.com/file/d/1hKP9NyPmRIb-YqNQAupN737sazq0BTzm/view?usp=sharing', '71R', 'EX 601'),
(399, 'https://drive.google.com/file/d/1eYVyV1X7yI-8G4tfJAyFbFVTS5H5Gsf1/view?usp=sharing', '70R', 'EX 601'),
(400, 'https://drive.google.com/file/d/1uymzEDNzuteXSlHCFA4pPRR6apcytEit/view?usp=sharing', '69R', 'EX 601'),
(401, '', '75B', 'EX 601'),
(402, 'https://drive.google.com/file/d/1PuzY5gG_9f00gPj6vtFr5Wk2RbVqBUSj/view?usp=sharing', '74B', 'EX 601'),
(403, 'https://drive.google.com/file/d/18U6J5x648Ot6pQxYN9YLoxgR4Agx2Oob/view?usp=sharing', '73B', 'EX 601'),
(404, 'https://drive.google.com/file/d/1tMeyoNs3EfbeT8IZMOqA8TtywaDPmRR6/view?usp=sharing', '72B', 'EX 601'),
(405, 'https://drive.google.com/file/d/1glR0TRhc8t8HUvqfQWTodMkdD0H-ya8q/view?usp=sharing', '71B', 'EX 601'),
(406, 'https://drive.google.com/file/d/1ImmfxWuWqm226oAfQjz07wyRJgXQ470l/view?usp=sharing', '70B', 'EX 601'),
(407, 'https://drive.google.com/file/d/1xUAvXsiptdFscNK0iHrFCZVgnHWBT1d9/view?usp=sharing', '69B', 'EX 601'),
(408, '', '75R', 'EX 602'),
(409, 'https://drive.google.com/file/d/1k8DERdMCY3Mnqyjlk8T3DNTMWd1OLhJ5/view?usp=sharing', '74R', 'EX 602'),
(410, 'https://drive.google.com/file/d/1VlmIRR1ASybiqfprII4UrD5QIArVINL-/view?usp=sharing', '73R', 'EX 602'),
(411, 'https://drive.google.com/file/d/1rBEsIktd0SLTukM3mFojkqli0s_fVoCh/view?usp=sharing', '72R', 'EX 602'),
(412, 'https://drive.google.com/file/d/1Z17ja6tg0hNwLYlVL8iimNz8ou1Ig-xh/view?usp=sharing', '71R', 'EX 602'),
(413, 'https://drive.google.com/file/d/1hW9dc_YHyWYK_HRY3XwpYRrWzaa65gko/view?usp=sharing', '70R', 'EX 602'),
(414, 'https://drive.google.com/file/d/1tCi35oiMi_V5RkoFYiXmm5MYHkh7yxPs/view?usp=sharing', '69R', 'EX 602'),
(415, '', '75B', 'EX 602'),
(416, 'https://drive.google.com/file/d/1JqRRPwMuCt2gnRXZ8Tu1LLcS-Dx07gJj/view?usp=sharing', '74B', 'EX 602'),
(417, 'https://drive.google.com/file/d/1GMibWOtXAVSuBllVWtwdEwgTga4AA9Cw/view?usp=sharing', '73B', 'EX 602'),
(418, 'https://drive.google.com/file/d/1rD9agEEbkHmBO6fXFZs-He9NYP4HdVwa/view?usp=sharing', '72B', 'EX 602'),
(419, '', '71B', 'EX 602'),
(420, 'https://drive.google.com/file/d/1RAWMP8h49hohd8OJmPxPGE4KfdoBOTGy/view?usp=sharing', '70B', 'EX 602'),
(421, '', '69B', 'EX 602'),
(422, '', '75R', 'EX 603'),
(423, 'https://drive.google.com/file/d/128WAH_KRA95TTjhE_eyzFX-iGBI_F1qZ/view?usp=sharing', '74R', 'EX 603'),
(424, 'https://drive.google.com/file/d/1Ldwg10jmt3ekqH-Oc17Gz6aUwcv2utSq/view?usp=sharing', '73R', 'EX 603'),
(425, 'https://drive.google.com/file/d/10VljqzUTA-dhAqCcPG64VYbsZCtwxD4D/view?usp=sharing', '72R', 'EX 603'),
(426, 'https://drive.google.com/file/d/1QOOz25dwFwLIxEGyvtalblca5HFjsgdm/view?usp=sharing', '71R', 'EX 603'),
(427, 'https://drive.google.com/file/d/1FUKi-SiFXsKKOLxpDluwtdx2hHxy9DDE/view?usp=sharing', '70R', 'EX 603'),
(428, 'https://drive.google.com/file/d/16J0ebDyzPAwW4ziDA3SZ1e1rKkIdFWFL/view?usp=sharing', '69R', 'EX 603'),
(429, '', '75B', 'EX 603'),
(430, 'https://drive.google.com/file/d/1EDleBQX0jmTmyhZsz-QuOosC3TO2hBJC/view?usp=sharing', '74B', 'EX 603'),
(431, 'https://drive.google.com/file/d/1dPJU35GSzO2_vvW5Lm8RWFDNiqCivHZK/view?usp=sharing', '73B', 'EX 603'),
(432, 'https://drive.google.com/file/d/1EZ_ytJDRziVOhAG2smwp82u1kIYg0GQx/view?usp=sharing', '72B', 'EX 603'),
(433, 'https://drive.google.com/file/d/1HgMdQRTI9AbDsVedJQdUMMbmJO0mbM1b/view?usp=sharing', '71B', 'EX 603'),
(434, 'https://drive.google.com/file/d/1gw97X-3FYyHIWF0Y5qasuSAM-frovQF4/view?usp=sharing', '70B', 'EX 603'),
(435, 'https://drive.google.com/file/d/1KAzsn51FbCgKe8SUrLblImFRCyCmITqY/view?usp=sharing', '69B', 'EX 603'),
(436, '', '75R', 'EE 602'),
(437, 'https://drive.google.com/file/d/1-90sVMg7CbHCziU-_WMpG0PJfrgst80M/view?usp=sharing', '74R', 'EE 602'),
(438, 'https://drive.google.com/file/d/1kxdp207Wt5Eu2jutAZnUbNpDETXxer8J/view?usp=sharing', '73R', 'EE 602'),
(439, 'https://drive.google.com/file/d/1Lly1NguNKicRNiw5XaChubZDkvuHSG0v/view?usp=sharing', '72R', 'EE 602'),
(440, 'https://drive.google.com/file/d/1vFtXklrmIsuuyPTwZ3XX2-j7QSg46M-u/view?usp=sharing', '71R', 'EE 602'),
(441, 'https://drive.google.com/file/d/1PuOoF7Mv_PnH-pgxYTefQFNA094UwGYM/view?usp=sharing', '70R', 'EE 602'),
(442, 'https://drive.google.com/file/d/1K31_Q4VICldg3h0jGPfwYo-pxNU-T628/view?usp=sharing', '69R', 'EE 602'),
(443, '', '75B', 'EE 602'),
(444, 'https://drive.google.com/file/d/1S-IP8_N4qInaRIYSVh88VUYYhnHXuMhH/view?usp=sharing', '74B', 'EE 602'),
(445, 'https://drive.google.com/file/d/1gTFR87_e7V1KnPzBQt1v1uojGw85lqjE/view?usp=sharing', '73B', 'EE 602'),
(446, 'https://drive.google.com/file/d/1NSDzUdxDG704V-6jOW-oZmV2NmTmw0Qy/view?usp=sharing', '72B', 'EE 602'),
(447, 'https://drive.google.com/file/d/1Ql8FMf3T8vvTBXpgkTZFU-HcakYCxvHJ/view?usp=sharing', '71B', 'EE 602'),
(448, 'https://drive.google.com/file/d/1oC9KFLjM23MJvcU3r8thveCGVk_GwOH3/view?usp=sharing', '70B', 'EE 602'),
(449, 'https://drive.google.com/file/d/1eGzDOSILR2D823FGiz8-BIgtGXjVd04o/view?usp=sharing', '69B', 'EE 602'),
(450, '', '75R', 'SH 602'),
(451, 'https://drive.google.com/file/d/1WKcBhvzNc-AulIMxU_6EJEY-Duq-yqxj/view?usp=sharing', '74R', 'SH 602'),
(452, 'https://drive.google.com/file/d/1Eo-K2TTR8ES6SQsUsxJmAePXEHEwq0AV/view?usp=sharing', '73R', 'SH 602'),
(453, 'https://drive.google.com/file/d/1WDrvXQ2o8NVMsJqNOu3AHkmcNyS-8PTR/view?usp=sharing', '72R', 'SH 602'),
(454, 'https://drive.google.com/file/d/1wI7eMqCFzc82-AokMp5U9lLjAMqKExO8/view?usp=sharing', '71R', 'SH 602'),
(455, 'https://drive.google.com/file/d/1YXfrNtZWaKXFAr0gpnoWE9ZDWMo3XT2E/view?usp=sharing', '70R', 'SH 602'),
(456, 'https://drive.google.com/file/d/1faIGzadMmoryhv7zJU-Q3D21FpmzSvNb/view?usp=sharing', '69R', 'SH 602'),
(457, NULL, '75B', 'SH 602'),
(458, 'https://drive.google.com/file/d/1GbXQcC3W6I2z4t26MqoyvgSO3HEB99oF/view?usp=sharing', '74B', 'SH 602'),
(459, 'https://drive.google.com/file/d/11P1iuXN_TTMsleJb1CrFNSULjCy1BYWl/view?usp=sharing', '73B', 'SH 602'),
(460, 'https://drive.google.com/file/d/1OzLVEukJ-9ezZQie0mRkGnBMMpskPA-W/view?usp=sharing', '72B', 'SH 602'),
(461, 'https://drive.google.com/file/d/1cmUCbMaEOyJVDTc1Z2whDOuD7NuF71my/view?usp=sharing', '71B', 'SH 602'),
(462, 'https://drive.google.com/file/d/1YHuRjdgJA_WxNsq4J_cg2AjRR8QPZJMq/view?usp=sharing', '70B', 'SH 602'),
(463, 'https://drive.google.com/file/d/1fhCWamQ07BNGEWJujW3mx1EgDbKYQE75/view?usp=sharing', '69B', 'SH 602'),
(464, NULL, '75R', 'CT 603'),
(465, 'https://drive.google.com/file/d/1xUNcg-F8olcNtTQWNxBADN22dpm8FLRy/view?usp=sharing', '74R', 'CT 603'),
(466, 'https://drive.google.com/file/d/16LMEb_WPo1V2QJ-KPS582dUe-4qRMqbh/view?usp=sharing', '73R', 'CT 603'),
(467, 'https://drive.google.com/file/d/1xgd433sBzSCIF14e7vfwxFFr7RaSeFRU/view?usp=sharing', '72R', 'CT 603'),
(468, 'https://drive.google.com/file/d/15e5PhL7jC9Vq95wte4v9gtsbcJfBXdME/view?usp=sharing', '71R', 'CT 603'),
(469, 'https://drive.google.com/file/d/19SCkjXcMoVnL6VugPbXUgc06oxZrN-2R/view?usp=sharing', '70R', 'CT 603'),
(470, 'https://drive.google.com/file/d/1NV_0fINHQZETMfKnPSlddVyhtEv-q6wZ/view?usp=sharing', '69R', 'CT 603'),
(471, '', '75B', 'CT 603'),
(472, 'https://drive.google.com/file/d/1fXVbBgXkms58yQH7mO6zQbd_loaRdQig/view?usp=sharing', '74B', 'CT 603'),
(473, 'https://drive.google.com/file/d/1kqry9wykvfbvHrWPY5kY15g3ywC97AaI/view?usp=sharing', '73B', 'CT 603'),
(474, 'https://drive.google.com/file/d/1lWlkTRoZ0nnJWz8O-TagcSH9WwDoYh6U/view?usp=sharing', '72B', 'CT 603'),
(475, 'https://drive.google.com/file/d/1XeBg7fWbvb7JLunFu6s3zATmWTH77qzx/view?usp=sharing', '71B', 'CT 603'),
(476, 'https://drive.google.com/file/d/1uTfpa_OMg-uVJp9e4smJdxLDsoqfCheg/view?usp=sharing', '70B', 'CT 603'),
(477, 'https://drive.google.com/file/d/1fxQcn8pfOOwu5Cj9TGO8J3AJNtrrfb3N/view?usp=sharing', '69B', 'CT 603'),
(478, '', '75R', 'CE 655'),
(479, 'https://drive.google.com/file/d/1Anm_6c4JVDgRqrkWOM348cKL1qWddtHC/view?usp=sharing', '74R', 'CE 655'),
(480, 'https://drive.google.com/file/d/1zIBI62HrxUC0jc725URKHu2h6yOuY1jX/view?usp=sharing', '73R', 'CE 655'),
(481, 'https://drive.google.com/file/d/1QbDgWm2x0m4tvXCpgvNAJ5GfmQ1Bs6LT/view?usp=sharing', '72R', 'CE 655'),
(482, 'https://drive.google.com/file/d/1bNuJXKOtocSSm9RH0BU4XwsneMNi2DPk/view?usp=sharing', '71R', 'CE 655'),
(483, 'https://drive.google.com/file/d/1Xad6-u-5Zvdcu2cyNvD_U_axiG7_HXFt/view?usp=sharing', '70R', 'CE 655'),
(484, 'https://drive.google.com/file/d/1nOPH2QtdVvQ2WJYyGb9vhEaC-nNQcR2a/view?usp=sharing', '69R', 'CE 655'),
(485, 'https://drive.google.com/file/d/1XNUk9o2af1BHHmcdGOaXOLJcbcZwsaPs/view?usp=sharing', '75B', 'CE 655'),
(486, '', '74B', 'CE 655'),
(487, 'https://drive.google.com/file/d/1AiPcU7TOkiyor3mNznf2qPiyOqsxxPQx/view?usp=sharing', '73B', 'CE 655'),
(488, 'https://drive.google.com/file/d/1QYWURcgtzyHmJ2sXm1xtq0xcKQ8RqEUe/view?usp=sharing', '72B', 'CE 655'),
(489, 'https://drive.google.com/file/d/1ZMUjfS7KBWbJEdrR_ExcLEpO34RCibRl/view?usp=sharing', '71B', 'CE 655'),
(490, 'https://drive.google.com/file/d/1zV21p9_xMvjQ3lEjbvlpF8mAm7WrV3zf/view?usp=sharing', '70B', 'CE 655'),
(491, 'https://drive.google.com/file/d/1yeo-_2riGNs4PiLNMwABKbNBYTi_vfFt/view?usp=sharing', '69B', 'CE 655'),
(492, '', '75R', 'CT 655'),
(493, 'https://drive.google.com/file/d/10l5Pg3P86tU6nejLa3xMBZaLaXbX6DCL/view?usp=sharing', '74R', 'CT 655'),
(494, 'https://drive.google.com/file/d/1OE8kgsZbNg1_CwB7TgwaqHsRkD3AF3Ls/view?usp=sharing', '73R', 'CT 655'),
(495, 'https://drive.google.com/file/d/1W1lbmqRaHcxIydHlLoAWWq_vLRdE7Tvg/view?usp=sharing', '72R', 'CT 655'),
(496, 'https://drive.google.com/file/d/13WvbRhoWwDFKoyZN-e7Zykll8sSHJOsR/view?usp=sharing', '71R', 'CT 655'),
(497, 'https://drive.google.com/file/d/11GBN_KaoRx_F9-cHV4TQNh9AyU8OgzW5/view?usp=sharing', '70R', 'CT 655'),
(498, 'https://drive.google.com/file/d/1J7Nd1mHZHJj07o0Eh4kGRbfdJbNYw4Cy/view?usp=sharing', '69R', 'CT 655'),
(499, 'https://drive.google.com/file/d/1_Z4rF2DMIYAwGQqkpKmvr16kh7FghWXo/view?usp=sharing', '75B', 'CT 655'),
(500, '', '74B', 'CT 655'),
(501, 'https://drive.google.com/file/d/1oDrL1eAhYDcYChXE5XbaGgLgezZisl8k/view?usp=sharing', '73B', 'CT 655'),
(502, 'https://drive.google.com/file/d/15g67woBgJE2LLELBofcJ4H0-iK3HYSVc/view?usp=sharing', '72B', 'CT 655'),
(503, 'https://drive.google.com/file/d/1QXn6dFPLNSX1EFrMYpdaTWaDEzpcc17h/view?usp=sharing', '71B', 'CT 655'),
(504, 'https://drive.google.com/file/d/18wke4xEvq5i0m92ce5jlnnPQ6joJjH7J/view?usp=sharing', '70B', 'CT 655'),
(505, '', '69B', 'CT 655'),
(506, '', '75R', 'EX 652'),
(507, 'https://drive.google.com/file/d/1cM6tnqY2811zAOhF3C-o2nV0dgGDaEk4/view?usp=sharing', '74R', 'EX 652'),
(508, 'https://drive.google.com/file/d/1Ew7c87gAXFmKKHrL2pqP5obY55EPQqjg/view?usp=sharing', '73R', 'EX 652'),
(509, 'https://drive.google.com/file/d/1Mzf4bhgwGr3cbVnMciEL7CDgUDjRg1rK/view?usp=sharing', '72R', 'EX 652'),
(510, 'https://drive.google.com/file/d/1INVE9SVPIXKtZ7zTs5wOH4u1ROVl30m2/view?usp=sharing', '71R', 'EX 652'),
(511, 'https://drive.google.com/file/d/1EoJ_Ncqq3ISv9ZG7jJgtDjVd6h-Bt5UW/view?usp=sharing', '70R', 'EX 652'),
(512, 'https://drive.google.com/file/d/1tdpSnFFESBFTk-hdsJUN03_iTco_rjSI/view?usp=sharing', '69R', 'EX 652'),
(513, 'https://drive.google.com/file/d/1HREx8SJusY5wNIyy7mJWP6oTGX5e2ewj/view?usp=sharing', '75B', 'EX 652'),
(514, '', '74B', 'EX 652'),
(515, 'https://drive.google.com/file/d/1CKSFpqxaag_0EhWiJd4H09x-UQVGP18i/view?usp=sharing', '73B', 'EX 652'),
(516, 'https://drive.google.com/file/d/1wdFk8jFaAF3daj3Sts6MJzau6-D817yl/view?usp=sharing', '72B', 'EX 652'),
(517, 'https://drive.google.com/file/d/1MfOYdlJqMgI2SZfSih1205RpLP887hAn/view?usp=sharing', '71B', 'EX 652'),
(518, 'https://drive.google.com/file/d/1jKh72msCTxhUrvvQTKR0n9wZ5ZXtb6MP/view?usp=sharing', '70B', 'EX 652'),
(519, '', '69B', 'EX 652'),
(520, '', '75R', 'EX 651'),
(521, 'https://drive.google.com/file/d/1LuDBX9CPUNn1l6cOETGYAo0e17zDn-MJ/view?usp=sharing', '74R', 'EX 651'),
(522, 'https://drive.google.com/file/d/1WqG03ryUQcRqJxKlpC63AVWTQMoh8sda/view?usp=sharing', '73R', 'EX 651'),
(523, 'https://drive.google.com/file/d/1vWIHrW_2aWrx-Et16M7NE2HixYmAymhC/view?usp=sharing', '72R', 'EX 651'),
(524, 'https://drive.google.com/file/d/1pSf1InMCRgz7V8_70TyWouNK5pcM5Phr/view?usp=sharing', '71R', 'EX 651'),
(525, 'https://drive.google.com/file/d/1SayF8mHWldiQL2kjUD3t9JXjPlrlcdE2/view?usp=sharing', '70R', 'EX 651'),
(526, 'https://drive.google.com/file/d/1rWXYafMERGJ93wQuMh-GYk2p3PMmP36G/view?usp=sharing', '69R', 'EX 651'),
(527, 'https://drive.google.com/file/d/1BtBoLt2JEhRmRzlonmuMGRmLLSuxtuM1/view?usp=sharing', '75B', 'EX 651'),
(528, '', '74B', 'EX 651'),
(529, 'https://drive.google.com/file/d/1xNpab5x3ujUE_3M52NkmlQcH8m-kyCpT/view?usp=sharing', '73B', 'EX 651'),
(530, 'https://drive.google.com/file/d/1XPTwzn6oRowt5t0Inz_sNmImMzWy4Eb-/view?usp=sharing', '72B', 'EX 651'),
(531, 'https://drive.google.com/file/d/1rpSEnPyGSkA-tNTz2tewJXIoLIr_5DZN/view?usp=sharing', '71B', 'EX 651'),
(532, 'https://drive.google.com/file/d/1bOOxUv8KU04U89AJWqweDPJebKfqHIId/view?usp=sharing', '70B', 'EX 651'),
(533, '', '69B', 'EX 651'),
(534, '', '75R', 'CT 657'),
(535, 'https://drive.google.com/file/d/1SkvPnMoeqoAUmsQctTmD1MTvhuu_pFCP/view?usp=sharing', '74R', 'CT 657'),
(536, 'https://drive.google.com/file/d/1IXlej6nRCSiZw6xSWeX8Xu03UEWCGrpw/view?usp=sharing', '73R', 'CT 657'),
(537, 'https://drive.google.com/file/d/1UnL6lNcDsiW3_iMj_xAvV8gaWNwcJqZA/view?usp=sharing', '72R', 'CT 657'),
(538, 'https://drive.google.com/file/d/1d6aodVm1qkLiY033ZxxUNjMBtOgDbU3A/view?usp=sharing', '71R', 'CT 657'),
(539, 'https://drive.google.com/file/d/1q8HmBiTBMi0o6WPX5lmTg2xa0Vn4yWRR/view?usp=sharing', '70R', 'CT 657'),
(540, 'https://drive.google.com/file/d/1p0IavDBj6SvF8D6H3_D0YrMu1mTtfJ8L/view?usp=sharing', '69R', 'CT 657'),
(541, 'https://drive.google.com/file/d/12r287sf17zuAtqFsIOtDgKsxSzi3xXuK/view?usp=sharing', '75B', 'CT 657'),
(542, '', '74B', 'CT 657'),
(543, 'https://drive.google.com/file/d/15XUc7fn8v50R_jPYN43zEgs6BF9f6V4b/view?usp=sharing', '73B', 'CT 657');
INSERT INTO `question_paper` (`ID`, `Paper_link`, `Exam_Id`, `Course_ID`) VALUES
(544, 'https://drive.google.com/file/d/1N80g_3Mb7Y-yptfYMHPG4i6PKidI7uqj/view?usp=sharing', '72B', 'CT 657'),
(545, 'https://drive.google.com/file/d/1KwhIeePm8y-YBr0LhSSoRWebZw4lyG4y/view?usp=sharing', '71B', 'CT 657'),
(546, 'https://drive.google.com/file/d/1EgZOi9pbVBvBaiuHKIzywAIZT7E1K0A1/view?usp=sharing', '70B', 'CT 657'),
(547, '', '69B', 'CT 657'),
(548, '', '75R', 'EX 653'),
(549, 'https://drive.google.com/file/d/1saLH6owJ_2-IIfEAy7HEI5vu84DCGJKL/view?usp=sharing', '74R', 'EX 653'),
(550, 'https://drive.google.com/file/d/1T6R23lBkR0lu9KtAGLbGPa5ns0rJ4AtY/view?usp=sharing', '73R', 'EX 653'),
(551, 'https://drive.google.com/file/d/18sRd9byBzU-h6Ymw-oJj_IXVbMYOY3HM/view?usp=sharing', '72R', 'EX 653'),
(552, 'https://drive.google.com/file/d/1n63CQTe84ajODLP487IDG_ifdAhulLRW/view?usp=sharing', '71R', 'EX 653'),
(553, 'https://drive.google.com/file/d/1zx39VAlnBPyz8BSIbf83w00UazWIfqYw/view?usp=sharing', '70R', 'EX 653'),
(554, 'https://drive.google.com/file/d/1uTSn9U5C6wKfE1EyG24mFKke6O5sao2F/view?usp=sharing', '69R', 'EX 653'),
(555, 'https://drive.google.com/file/d/1c8dZMSmOYCT1cWdBgmeNfH7lz_OcYMdk/view?usp=sharing', '75B', 'EX 653'),
(556, '', '74B', 'EX 653'),
(557, 'https://drive.google.com/file/d/1LTWrdp-vd4ic5hcDH5wi-ruiz_IHkWDu/view?usp=sharing', '73B', 'EX 653'),
(558, 'https://drive.google.com/file/d/1f5NmWoHfwGyW4gEaC5O2Oxn__lb4Uh7g/view?usp=sharing', '72B', 'EX 653'),
(559, 'https://drive.google.com/file/d/1mOQsPZhsKvHUfXw3-z4DLYKntnRtZsHV/view?usp=sharing', '71B', 'EX 653'),
(560, 'https://drive.google.com/file/d/1oXvMi4sE4NcYTEgeGDpZu99OXagedi0r/view?usp=sharing', '70B', 'EX 653'),
(561, '', '69B', 'EX 653'),
(562, NULL, '75R', 'CE 401'),
(563, 'https://drive.google.com/file/d/1O0LxWtk8jPvmri2M8uMDx7HWvtAvTiUO/view?usp=sharing', '74R', 'CE 401'),
(564, 'https://drive.google.com/file/d/14WZNbAm4y8m_NWg5PP-t_SOmf0KNb8wy/view?usp=sharing', '73R', 'CE 401'),
(565, 'https://drive.google.com/file/d/1rEFbushtQgj7Fkc3pNhxK78rfmqEX7XA/view?usp=sharing', '72R', 'CE 401'),
(566, 'https://drive.google.com/file/d/1g4pBnepFwGUWlPtBbbM5tG9SXbEit41a/view?usp=sharing', '71R', 'CE 401'),
(567, 'https://drive.google.com/file/d/1vhbiuNve_gI-S1UClMFeOl6ZFzENA4fB/view?usp=sharing', '70R', 'CE 401'),
(568, 'https://drive.google.com/file/d/1HvTdQZg9fODS1pep5WvKccBipOkURNHh/view?usp=sharing', '69R', 'CE 401'),
(569, NULL, '75B', 'CE 401'),
(570, 'https://drive.google.com/file/d/13ZY538VRy6qNxBaZkto7-WfLC9h6L4TP/view?usp=sharing', '74B', 'CE 401'),
(571, 'https://drive.google.com/file/d/1LLn9So3yqd-nHmLXVd_vP8Uh-4tDQ5Qm/view?usp=sharing', '73B', 'CE 401'),
(572, 'https://drive.google.com/file/d/12uIH5kt7tPvsMibIsRQLzC4GwqEK77UF/view?usp=sharing', '72B', 'CE 401'),
(573, 'https://drive.google.com/file/d/1mvnQ3wTHxdLHNB6OJ_QLCLgqZx0tVNTm/view?usp=sharing', '71B', 'CE 401'),
(574, 'https://drive.google.com/file/d/11geHcnuBoajnIOPE7_kTgvHqqTOAHqkC/view?usp=sharing', '70B', 'CE 401'),
(575, 'https://drive.google.com/file/d/11J0YzlZv-uoY7ZvWBdkhb2ZLrPZDbghw/view?usp=sharing', '69B', 'CE 401'),
(576, NULL, '75R', 'EE 401'),
(577, 'https://drive.google.com/file/d/17zsIKwC2YJp4i2QcM1QdV98JiPCBs2BJ/view?usp=sharing', '74R', 'EE 401'),
(578, 'https://drive.google.com/file/d/1fie4SkgTji_PJ9DThDklKt-YU_JWmTrf/view?usp=sharing', '73R', 'EE 401'),
(579, 'https://drive.google.com/file/d/1noy20Gxk9HS9JI-NCn2sqdoxAUnR2IfB/view?usp=sharing', '72R', 'EE 401'),
(580, 'https://drive.google.com/file/d/1BMw8tUGbYazamd3D1kW5-bhmI7NwpbWs/view?usp=sharing', '71R', 'EE 401'),
(581, 'https://drive.google.com/file/d/1YNW55RWuJ8A_nlagKcZuQ9K2yn6_Z29a/view?usp=sharing', '70R', 'EE 401'),
(582, 'https://drive.google.com/file/d/1Gq_wIvmxTpaqC-eIEgm-BsXKDq0wZNYP/view?usp=sharing', '69R', 'EE 401'),
(583, NULL, '75B', 'EE 401'),
(584, 'https://drive.google.com/file/d/1MQyQ6fNjB99EvjCmG0np2HPptQ4udw0h/view?usp=sharing', '74B', 'EE 401'),
(585, 'https://drive.google.com/file/d/1BYtXjzlmNPavR4k2AzOGKUWTFVfOpQ2d/view?usp=sharing', '73B', 'EE 401'),
(586, 'https://drive.google.com/file/d/15tfFE1ERACqCSsD1oVM3melnvJ2SFFH1/view?usp=sharing', '72B', 'EE 401'),
(587, 'https://drive.google.com/file/d/1alG0ZFrT97wjqnIHscIWwSwQ93v9cRVf/view?usp=sharing', '71B', 'EE 401'),
(588, 'https://drive.google.com/file/d/15Ha_XPxDJWxEmr2lTaEt8Y1fWJ50A1TN/view?usp=sharing', '70B', 'EE 401'),
(589, 'https://drive.google.com/file/d/1VmUwiJadYgDY9HahgauWEbH9ofSc55rv/view?usp=sharing', '69B', 'EE 401'),
(590, NULL, '75R', 'SH 402'),
(591, 'https://drive.google.com/file/d/1SYx_BT08OGzarcFJovs93OUHMOOxF-dw/view?usp=sharing', '74R', 'SH 402'),
(592, 'https://drive.google.com/file/d/1iF5WCuYZq30sp-dfd49jbGL0FUkC9SCk/view?usp=sharing', '73R', 'SH 402'),
(593, 'https://drive.google.com/file/d/1HEP6z8iwD3zW-t9tcyyuagLrD4uWftfK/view?usp=sharing', '72R', 'SH 402'),
(594, 'https://drive.google.com/file/d/1bkXlaEGL3eZ5586U4TbCEz2IQCNLWhX5/view?usp=sharing', '71R', 'SH 402'),
(595, 'https://drive.google.com/file/d/1I1lkWeAjKi_KxXrIqsUXtzOSF4O6hkHt/view?usp=sharing', '70R', 'SH 402'),
(596, 'https://drive.google.com/file/d/1YGd-u4hYPShFm9p9PNbOJM6dmJ04G0lt/view?usp=sharing', '69R', 'SH 402'),
(597, NULL, '75B', 'SH 402'),
(598, 'https://drive.google.com/file/d/1QsifLE-HKCeLpadOzjRj9jCsDTTIxgI-/view?usp=sharing', '74B', 'SH 402'),
(599, 'https://drive.google.com/file/d/1VjU4DbktHJ0MGPzfiVfHt3BDAh4otZGu/view?usp=sharing', '73B', 'SH 402'),
(600, 'https://drive.google.com/file/d/1wiRDiO0UE2RivZGzxSxL-F58rMFGR6hC/view?usp=sharing', '72B', 'SH 402'),
(601, 'https://drive.google.com/file/d/1DoVP_0FAecVuIYmouJN2oyTcL8jwZO_U/view?usp=sharing', '71B', 'SH 402'),
(602, 'https://drive.google.com/file/d/1thV5S_jYtoYzDGEYHZ0EWlXapBN4dJYv/view?usp=sharing', '70B', 'SH 402'),
(603, 'https://drive.google.com/file/d/1wIcG7CAoGKLpVruP2vfuWrBTDzjf5EAz/view?usp=sharing', '69B', 'SH 402'),
(604, NULL, '75R', 'ME 401'),
(605, 'https://drive.google.com/file/d/17Yi72VzibVLxIulYwlainPR-1MrfVS6D/view?usp=sharing', '74R', 'ME 401'),
(606, 'https://drive.google.com/file/d/1q31KiBW9GQVwPti-AVv9nS7vQROZ13tU/view?usp=sharing', '73R', 'ME 401'),
(607, 'https://drive.google.com/file/d/19qb4DZjrQTcx_uvWFcsDvx7jmF-MG59x/view?usp=sharing', '72R', 'ME 401'),
(608, 'https://drive.google.com/file/d/1Mj9dtbZ-6hb7t3Cg1OUcRtbYJaYE_36H/view?usp=sharing', '71R', 'ME 401'),
(609, 'https://drive.google.com/file/d/1IpQWIdcbWSgMBiZja_codvL6G-s7m-8U/view?usp=sharing', '70R', 'ME 401'),
(610, 'https://drive.google.com/file/d/18ziQDayIeqXDk-HNbge8R9BhX8nMobmD/view?usp=sharing', '69R', 'ME 401'),
(611, NULL, '75B', 'ME 401'),
(612, 'https://drive.google.com/file/d/19ihJrE3ZXZ8qtYdpZmSRrxZzZisiJ340/view?usp=sharing', '74B', 'ME 401'),
(613, 'https://drive.google.com/file/d/1wPbiyi0E7vOwPyIxHTBX2hWP6z0SJt3m/view?usp=sharing', '73B', 'ME 401'),
(614, 'https://drive.google.com/file/d/1vwfxaQCtkcep_PXgkNOYcF_OE8mhRWaU/view?usp=sharing', '72B', 'ME 401'),
(615, 'https://drive.google.com/file/d/19L3SfgRhC4Nmq-hnWfyE8UIsYhBaosiI/view?usp=sharing', '71B', 'ME 401'),
(616, 'https://drive.google.com/file/d/17EndPB-ffmH5Zka_CZpVj0TWYbttuF9R/view?usp=sharing', '70B', 'ME 401'),
(617, 'https://drive.google.com/file/d/165YA_WLTPED4vSmh7in-wp8x8l86GPPC/view?usp=sharing', '69B', 'ME 401'),
(618, NULL, '75R', 'CT 401'),
(619, 'https://drive.google.com/file/d/1tjC_avlZ4lwOIqAb8y6s30Ck4BZEQMpn/view?usp=sharing', '74R', 'CT 401'),
(620, 'https://drive.google.com/file/d/1Atv7wT1BC9vbAetrdRSUD-j1-j2TZ-FZ/view?usp=sharing', '73R', 'CT 401'),
(621, 'https://drive.google.com/file/d/1Z6eVlEPQpEfzYLUdB9VzY_MtxYtkHP0W/view?usp=sharing', '72R', 'CT 401'),
(622, 'https://drive.google.com/file/d/1oXqdlvNe3RmOzhLFlk3aD5nGn8WxBnHK/view?usp=sharing', '71R', 'CT 401'),
(623, 'https://drive.google.com/file/d/1p8FcaHXc-3pcd31l4CFqkxgbqZ6DCF19/view?usp=sharing', '70R', 'CT 401'),
(624, 'https://drive.google.com/file/d/1x-tG3bbqEqGHSdUVpWVAjQB8fp_p5eCK/view?usp=sharing', '69R', 'CT 401'),
(625, NULL, '75B', 'CT 401'),
(626, 'https://drive.google.com/file/d/1ku0IqOgap0rnXF5Pfx57JvLjIrGTrmAL/view?usp=sharing', '74B', 'CT 401'),
(627, 'https://drive.google.com/file/d/1_xRTMmHqlP3wIRokA1UVBwPlWIQqOveF/view?usp=sharing', '73B', 'CT 401'),
(628, 'https://drive.google.com/file/d/1qz-CE-6mosUGNTsTcybK1vfHrMvRg-M8/view?usp=sharing', '72B', 'CT 401'),
(629, 'https://drive.google.com/file/d/1UKtWsuyVkuvoNPVG40Jq_c0fZErPL9pa/view?usp=sharing', '71B', 'CT 401'),
(630, 'https://drive.google.com/file/d/12z1AVQUvm5c3M7-xAN7w5uRi2qMImv9u/view?usp=sharing', '70B', 'CT 401'),
(631, 'https://drive.google.com/file/d/1YxVw7fmsGkhzvJ68DfUHnH3hcZk09PHA/view?usp=sharing', '69B', 'CT 401'),
(632, NULL, '75R', 'SH 401'),
(633, 'https://drive.google.com/file/d/1MuzMkLscgCN0Mf6-2fQNbpEru6cv7Mva/view?usp=sharing', '74R', 'SH 401'),
(634, 'https://drive.google.com/file/d/1MuzMkLscgCN0Mf6-2fQNbpEru6cv7Mva/view?usp=sharing', '73R', 'SH 401'),
(635, 'https://drive.google.com/file/d/1_ctBl2lauUIvOUli0l_mEGmuxVtTi7fw/view?usp=sharing', '72R', 'SH 401'),
(636, 'https://drive.google.com/file/d/1yvn8GF1ZhlSzYQ7TyuC57IQXpQ4COEUq/view?usp=sharing', '71R', 'SH 401'),
(637, 'https://drive.google.com/file/d/13s9gH-milA2wQ3JF1jRRUQx3Q9XiMCkI/view?usp=sharing', '70R', 'SH 401'),
(638, 'https://drive.google.com/file/d/1EgXiMFNsB9BFPFWg8wts_zLNv7kyLLCJ/view?usp=sharing', '69R', 'SH 401'),
(639, NULL, '75B', 'SH 401'),
(640, 'https://drive.google.com/file/d/1pBQsrM_gUVs4t6dNDh6egqceZxvbfA7T/view?usp=sharing', '74B', 'SH 401'),
(641, 'https://drive.google.com/file/d/1suZmR0wugVd_a-H-qXWolK6bAYVJxMsf/view?usp=sharing', '73B', 'SH 401'),
(642, 'https://drive.google.com/file/d/1kUSve9vuRpscsA4eDWR4aza3jwD6ASH-/view?usp=sharing', '72B', 'SH 401'),
(643, 'https://drive.google.com/file/d/1HDLhR0Z19-S2GVDEK7o94wnaYBLU9uuw/view?usp=sharing', '71B', 'SH 401'),
(644, 'https://drive.google.com/file/d/1bP_MWrNFZNiySLVYtfoc4cVKZ9MwAIRA/view?usp=sharing', '70B', 'SH 401'),
(645, 'https://drive.google.com/file/d/1TnwyCL0Yo8xV-X-JDxiTxYGnMfN98Fb6/view?usp=sharing', '69B', 'SH 401'),
(646, NULL, '75R', 'SH 453'),
(647, 'https://drive.google.com/file/d/1IcsW7S1MaUii8NShzFuGSzkLNY6W3d-6/view?usp=sharing', '74R', 'SH 453'),
(648, 'https://drive.google.com/file/d/1xbUTFMZ3ruuFbKAMNj_1GiBj0kmVCTfY/view?usp=sharing', '73R', 'SH 453'),
(649, 'https://drive.google.com/file/d/1KcSFNGwSzCeoEpnRfZB1i9NeG4MO7AQc/view?usp=sharing', '72R', 'SH 453'),
(650, 'https://drive.google.com/file/d/1n3gPqBsMRFdVXAdtglRrx3gaeXn0bF29/view?usp=sharing', '71R', 'SH 453'),
(651, 'https://drive.google.com/file/d/13MnJDY9eJrfFb9qIDXwIoM8vTD3R3llv/view?usp=sharing', '70R', 'SH 453'),
(652, 'https://drive.google.com/file/d/1yckQqHbwZOpJLjjknavr99DhUogP_Z-X/view?usp=sharing', '69R', 'SH 453'),
(653, 'https://drive.google.com/file/d/1m41TQ41Pvz9kQfxZFiYQkFCBjTMKBjaF/view?usp=sharing', '75B', 'SH 453'),
(654, NULL, '74B', 'SH 453'),
(655, 'https://drive.google.com/file/d/1gKIJklmbyc71Toy2eIf8JSKNFB1Q7xRp/view?usp=sharing', '73B', 'SH 453'),
(656, 'https://drive.google.com/file/d/1k9KwqmFiGrSlWWrVEKAdaGSg7wgJPkeZ/view?usp=sharing', '72B', 'SH 453'),
(657, 'https://drive.google.com/file/d/1KSIinRlESO55k8P1KGw3jA_UPCvO4zld/view?usp=sharing', '71B', 'SH 453'),
(658, 'https://drive.google.com/file/d/1f4eul7EUHzgCzfr1DEqpCSZSgIrGik0x/view?usp=sharing', '70B', 'SH 453'),
(659, 'https://drive.google.com/file/d/1ww0Rj5Gldb83vCn1CFTlsQ9sQbqTIRvA/view?usp=sharing', '69B', 'SH 453'),
(660, NULL, '75R', 'SH 451'),
(661, 'https://drive.google.com/file/d/19Xt7dagA_L6nEDnbI_-sEt9O-Uik_uQy/view?usp=sharing', '74R', 'SH 451'),
(662, 'https://drive.google.com/file/d/17IAeWpoOHQwCVlNydkcuIHxg7nLs-xOL/view?usp=sharing', '73R', 'SH 451'),
(663, 'https://drive.google.com/file/d/1Rfc-NOer9D3hZOFtkpceLJMFrwReWd9D/view?usp=sharing', '72R', 'SH 451'),
(664, 'https://drive.google.com/file/d/1YvdjZrxBC76zxZC5fJA3Fidwa4cwsL1R/view?usp=sharing', '71R', 'SH 451'),
(665, 'https://drive.google.com/file/d/15qLs0cwZSH-XizoC5yNnSdvvW9BSDwHa/view?usp=sharing', '70R', 'SH 451'),
(666, 'https://drive.google.com/file/d/1G2I3XxhK9N_yj5GPtztUvvOoHJdToSUP/view?usp=sharing', '69R', 'SH 451'),
(667, 'https://drive.google.com/file/d/1GwlJDhUFYCmuHH2ZVAUdS_LQitqQ-FUe/view?usp=sharing', '75B', 'SH 451'),
(668, NULL, '74B', 'SH 451'),
(669, 'https://drive.google.com/file/d/1vkaviRdOxBeJV_HVyySAQf36dNVfzSyf/view?usp=sharing', '73B', 'SH 451'),
(670, 'https://drive.google.com/file/d/15DLEQJ--f8SyED4jTs6xmmrrvYWrB7LG/view?usp=sharing', '72B', 'SH 451'),
(671, 'https://drive.google.com/file/d/1oCPaFvBND-rz0gIb3u-FT3KU5voK5img/view?usp=sharing', '71B', 'SH 451'),
(672, 'https://drive.google.com/file/d/1K5I9jV09sM8h8gVRTeV-xv9A4xg_UEru/view?usp=sharing', '70B', 'SH 451'),
(673, 'https://drive.google.com/file/d/10BgY5GASagymmBRj8muHvXD19QcuvuOC/view?usp=sharing', '69B', 'SH 451'),
(674, NULL, '75R', 'ME 451'),
(675, 'https://drive.google.com/file/d/1_4BIIq323uQ_9alKbjvsXlk1O6KzDOfM/view?usp=sharing', '74R', 'ME 451'),
(676, 'https://drive.google.com/file/d/1qL521GGOcB98sYMTsAyFRzCAuaSJJrYD/view?usp=sharing', '73R', 'ME 451'),
(677, 'https://drive.google.com/file/d/1HlsmBid3EAhwzpUYW_CT5bb8Iz9DSipF/view?usp=sharing', '72R', 'ME 451'),
(678, 'https://drive.google.com/file/d/15EuCQTJ8JnSJlQKQS4VZxxXIA66Wysxd/view?usp=sharing', '71R', 'ME 451'),
(679, 'https://drive.google.com/file/d/1-YA6plEwZeP7RllTA29qCwWDYCWRo8JQ/view?usp=sharing', '70R', 'ME 451'),
(680, 'https://drive.google.com/file/d/1pE41wYDSrK3FrDesbAU9zrAZmLrR-q9-/view?usp=sharing', '69R', 'ME 451'),
(681, 'https://drive.google.com/file/d/1D7r9L01ay4z4Fx1aUcXSkb07rbz1Dymf/view?usp=sharing', '75B', 'ME 451'),
(682, NULL, '74B', 'ME 451'),
(683, 'https://drive.google.com/file/d/1zignLtE6juEenl2LTMGRWocjtI6cX4tH/view?usp=sharing', '73B', 'ME 451'),
(684, 'https://drive.google.com/file/d/17kC3G6p34fHQIubbf97C3l_sp7J40dqc/view?usp=sharing', '72B', 'ME 451'),
(685, 'https://drive.google.com/file/d/101HIQBnmKajtQAeXY-05QEbnbuoZkl2Z/view?usp=sharing', '71B', 'ME 451'),
(686, 'https://drive.google.com/file/d/1-V6CXgzTo1r_K046ojIekZk_Zkih7JKq/view?usp=sharing', '70B', 'ME 451'),
(687, 'https://drive.google.com/file/d/11A5LUglFeOtKRl3rTqwTEEGTKX_cz_rr/view?usp=sharing', '69B', 'ME 451'),
(688, NULL, '75R', 'EX 451'),
(689, 'https://drive.google.com/file/d/1ARdTLHWGkfkA_VgeFWeTEJPHyrAqHFrq/view?usp=sharing', '74R', 'EX 451'),
(690, 'https://drive.google.com/file/d/1LPG43TorPVzzu0YVemj130uCZEPQSAHd/view?usp=sharing', '73R', 'EX 451'),
(691, NULL, '72R', 'EX 451'),
(692, 'https://drive.google.com/file/d/1fLzpR1EcbkVsUPKOKZ8EU_CiuA3hPCoX/view?usp=sharing', '71R', 'EX 451'),
(693, 'https://drive.google.com/file/d/1aF3V-pglnjaTbhLVPDdQ0bD81hld8Hdg/view?usp=sharing', '70R', 'EX 451'),
(694, 'https://drive.google.com/file/d/1ozFso2atreHBwxDUsHsqLvxyl6uic5HA/view?usp=sharing', '69R', 'EX 451'),
(695, 'https://drive.google.com/file/d/1X89j0aL75oubK91DU6bKiNWwwXwKsvBk/view?usp=sharing', '75B', 'EX 451'),
(696, NULL, '74B', 'EX 451'),
(697, 'https://drive.google.com/file/d/16E5XsuumvAoyqazgFpOT1Odsc-qv4_t6/view?usp=sharing', '73B', 'EX 451'),
(698, 'https://drive.google.com/file/d/11YlDsExvjyAM2VK-xHjrpoVKKH_Ka6nJ/view?usp=sharing', '72B', 'EX 451'),
(699, 'https://drive.google.com/file/d/1Ehr4mJUzMjz-1IMhCtCHu8h6ZbDlv-Vg/view?usp=sharing', '71B', 'EX 451'),
(700, 'https://drive.google.com/file/d/1LL0xozTjplNB16WiBL_ZcBd1mliED769/view?usp=sharing', '70B', 'EX 451'),
(701, 'https://drive.google.com/file/d/1HMF2O5a35MJeed_ZCGmM73K2xPfsCojR/view?usp=sharing', '69B', 'EX 451'),
(702, NULL, '75R', 'ME 452'),
(703, 'https://drive.google.com/file/d/1ex0v5WqS9WhPW5MnF5RerzYT6zsKnTkC/view?usp=sharing', '74R', 'ME 452'),
(704, 'https://drive.google.com/file/d/1mhVxNfv9S9CfYWQbGk2WLPxXwDm_DPK_/view?usp=sharing', '73R', 'ME 452'),
(705, 'https://drive.google.com/file/d/1W2iestWTwV7aK06ZmqTCN2X2e-NUJITG/view?usp=sharing', '72R', 'ME 452'),
(706, 'https://drive.google.com/file/d/1ttxRoNWEr6iDL7v31brBGC6u63ZN50jp/view?usp=sharing', '71R', 'ME 452'),
(707, 'https://drive.google.com/file/d/1A1Lgn92oIGted1RAD3pgRmzIVOMJWRH5/view?usp=sharing', '70R', 'ME 452'),
(708, 'https://drive.google.com/file/d/1K1BIqU0g_dAHcmO_3SzR0ZSeFzMPaQVs/view?usp=sharing', '69R', 'ME 452'),
(709, 'https://drive.google.com/file/d/1et447cs3AiOSQAkqDQ87L7cvIQcjL2aN/view?usp=sharing', '75B', 'ME 452'),
(710, NULL, '74B', 'ME 452'),
(711, 'https://drive.google.com/file/d/1Js6wREBoqtqtgN21LsaxS1mSbnC4IPiV/view?usp=sharing', '73B', 'ME 452'),
(712, 'https://drive.google.com/file/d/1FS-KG8g8CJkP-2Hr567ygzM84dZH8dVD/view?usp=sharing', '72B', 'ME 452'),
(713, 'https://drive.google.com/file/d/1bqA88RhYc9lfsYVQhrePB3RBzOImzzM8/view?usp=sharing', '71B', 'ME 452'),
(714, 'https://drive.google.com/file/d/1k0MHK2lCJfBPPnLQa96UwYrEvgdHicBh/view?usp=sharing', '70B', 'ME 452'),
(715, 'https://drive.google.com/file/d/1Jb5L_U_AnKFWwttSHUESFDFJ7iJguFWG/view?usp=sharing', '69B', 'ME 452'),
(732, 'https://drive.google.com/file/d/188SWy3i1Q1EGHbtULN_TfcP5LoqsaSOR/view?usp=sharing', '74B', 'CT 725 05'),
(733, NULL, '69B', 'CT 725 05'),
(734, NULL, '70B', 'CT 725 05'),
(735, NULL, '71B', 'CT 725 05'),
(736, NULL, '72B', 'CT 725 05'),
(737, NULL, '73B', 'CT 725 05'),
(738, NULL, '75B', 'CT 725 05'),
(739, NULL, '69R', 'CT 725 05'),
(740, NULL, '70R', 'CT 725 05'),
(741, NULL, '71R', 'CT 725 05'),
(742, NULL, '72R', 'CT 725 05'),
(743, NULL, '73R', 'CT 725 05'),
(744, NULL, '74R', 'CT 725 05'),
(745, NULL, '75R', 'CT 725 05'),
(746, NULL, '69B', 'CT 785 04'),
(747, NULL, '70B', 'CT 785 04'),
(748, NULL, '71B', 'CT 785 04'),
(749, NULL, '72B', 'CT 785 04'),
(750, NULL, '73B', 'CT 785 04'),
(751, NULL, '74B', 'CT 785 04'),
(752, NULL, '75B', 'CT 785 04'),
(753, NULL, '69R', 'CT 785 04'),
(754, NULL, '70R', 'CT 785 04'),
(755, NULL, '71R', 'CT 785 04'),
(756, NULL, '72R', 'CT 785 04'),
(757, NULL, '73R', 'CT 785 04'),
(758, NULL, '74R', 'CT 785 04'),
(759, NULL, '75R', 'CT 785 04'),
(760, NULL, '69B', 'CT 785 06'),
(761, NULL, '70B', 'CT 785 06'),
(762, NULL, '71B', 'CT 785 06'),
(763, NULL, '72B', 'CT 785 06'),
(764, NULL, '73B', 'CT 785 06'),
(765, NULL, '74B', 'CT 785 06'),
(766, NULL, '75B', 'CT 785 06'),
(767, NULL, '69R', 'CT 785 06'),
(768, NULL, '70R', 'CT 785 06'),
(769, NULL, '71R', 'CT 785 06'),
(770, NULL, '72R', 'CT 785 06'),
(771, NULL, '73R', 'CT 785 06'),
(772, NULL, '74R', 'CT 785 06'),
(773, NULL, '75R', 'CT 785 06'),
(774, NULL, '69B', 'CT 765 07'),
(775, NULL, '70B', 'CT 765 07'),
(776, NULL, '71B', 'CT 765 07'),
(777, NULL, '72B', 'CT 765 07'),
(778, 'https://drive.google.com/file/d/1i86EF_qYTWKtqKyCqNwtDB5g_UnmVt2O/view?usp=sharing', '73B', 'CT 765 07'),
(779, 'https://drive.google.com/file/d/1ib1s-8XMyoPCumznPCvHbhq8Yqe3jnkN/view?usp=sharing', '74B', 'CT 765 07'),
(780, NULL, '75B', 'CT 765 07'),
(781, NULL, '69R', 'CT 765 07'),
(782, NULL, '70R', 'CT 765 07'),
(783, 'https://drive.google.com/file/d/1RRZXVAfOFQ2QBySkuJi4glhgDcJC5VrA/view?usp=sharing', '71R', 'CT 765 07'),
(784, 'https://drive.google.com/file/d/1pnPt45pa6MjzWzgu44ZB0Qbf_Mv5bSv9/view?usp=sharing', '72R', 'CT 765 07'),
(785, NULL, '73R', 'CT 765 07'),
(786, NULL, '74R', 'CT 765 07'),
(787, NULL, '75R', 'CT 765 07'),
(788, NULL, '69B', 'CT 725 01'),
(789, NULL, '70B', 'CT 725 01'),
(790, NULL, '71B', 'CT 725 01'),
(791, NULL, '72B', 'CT 725 01'),
(792, NULL, '73B', 'CT 725 01'),
(793, 'https://drive.google.com/file/d/1Da9Vm3nkcq0Au95Rzg8NoKAGZF_vtGK3/view?usp=sharing', '74B', 'CT 725 01'),
(794, 'https://drive.google.com/file/d/1SOBrKPgbiBKDM8Wk0WOCMC-MVEf3ptE2/view?usp=sharing', '75B', 'CT 725 01'),
(795, NULL, '69R', 'CT 725 01'),
(796, NULL, '70R', 'CT 725 01'),
(797, NULL, '71R', 'CT 725 01'),
(798, NULL, '72R', 'CT 725 01'),
(799, NULL, '73R', 'CT 725 01'),
(800, 'https://drive.google.com/file/d/1GDLbhWDejga5cu53_SpKJVvT4Nv2VNBM/view?usp=sharing', '74R', 'CT 725 01'),
(801, NULL, '75R', 'CT 725 01'),
(802, NULL, '69B', 'EX 725 04'),
(803, NULL, '70B', 'EX 725 04'),
(804, NULL, '71B', 'EX 725 04'),
(805, NULL, '72B', 'EX 725 04'),
(806, NULL, '73B', 'EX 725 04'),
(807, 'https://drive.google.com/file/d/1nSf8n6HxNEj6KYF8xHlwJRKSs5_k1qJi/view?usp=sharing', '74B', 'EX 725 04'),
(808, 'https://drive.google.com/file/d/1VmJXT0eNFBFXg9yiNCNWzZDYApXTjG5q/view?usp=sharing', '75B', 'EX 725 04'),
(809, NULL, '69R', 'EX 725 04'),
(810, NULL, '70R', 'EX 725 04'),
(811, NULL, '71R', 'EX 725 04'),
(812, NULL, '72R', 'EX 725 04'),
(813, NULL, '73R', 'EX 725 04'),
(814, 'https://drive.google.com/file/d/14mlqIVq720o5-_HHoCFneypCnwY101ON/view?usp=sharing', '74R', 'EX 725 04'),
(815, NULL, '75R', 'EX 725 04'),
(816, NULL, '69B', 'EX 765 01'),
(817, NULL, '70B', 'EX 765 01'),
(818, NULL, '71B', 'EX 765 01'),
(819, 'https://drive.google.com/file/d/1RLljcLKjtbZqRdI3FSkk2yUCFLJ9s324/view?usp=sharing', '72B', 'EX 765 01'),
(820, NULL, '73B', 'EX 765 01'),
(821, NULL, '74B', 'EX 765 01'),
(822, NULL, '75B', 'EX 765 01'),
(823, NULL, '69R', 'EX 765 01'),
(824, NULL, '70R', 'EX 765 01'),
(825, NULL, '71R', 'EX 765 01'),
(826, 'https://drive.google.com/file/d/129z2AXVMbEKwvyLSf9XBwS8QLtV8llKU/view?usp=sharing', '72R', 'EX 765 01'),
(827, NULL, '73R', 'EX 765 01'),
(828, NULL, '74R', 'EX 765 01'),
(829, NULL, '75R', 'EX 765 01'),
(830, NULL, '69B', 'EX 765 06'),
(831, NULL, '70B', 'EX 765 06'),
(832, 'https://drive.google.com/file/d/1Er--k0GOWvNL3SxPSZeb4vF8WnxiLn3x/view?usp=sharing', '71B', 'EX 765 06'),
(833, NULL, '72B', 'EX 765 06'),
(834, 'https://drive.google.com/file/d/1ICzs4XI10dTg6BznW3kWvMgUqFypMBh4/view?usp=sharing', '73B', 'EX 765 06'),
(835, NULL, '74B', 'EX 765 06'),
(836, NULL, '75B', 'EX 765 06'),
(837, NULL, '69R', 'EX 765 06'),
(838, NULL, '70R', 'EX 765 06'),
(839, 'https://drive.google.com/file/d/1WWyg-sw_qczmPmXRuapEXcjT0ISkOJ_2/view?usp=sharing', '71R', 'EX 765 06'),
(840, NULL, '72R', 'EX 765 06'),
(841, NULL, '73R', 'EX 765 06'),
(842, NULL, '74R', 'EX 765 06'),
(843, NULL, '75R', 'EX 765 06'),
(844, NULL, '75R', 'CT 602'),
(845, 'https://drive.google.com/file/d/1llqx2zANVmGallHH-U940W2bXwOzhhLq/view?usp=sharing', '74R', 'CT 602'),
(846, 'https://drive.google.com/file/d/13O524tnIR4Jk_G3PNtv_8ChfmH4W7L5M/view?usp=sharing', '73R', 'CT 602'),
(847, 'https://drive.google.com/file/d/1UTU04bBW5AfZVzt9Ru1J-wvyUWZ-q4NC/view?usp=sharing', '72R', 'CT 602'),
(848, 'https://drive.google.com/file/d/1CriWNqO8R6h8HJtx_okN5kTxQqCPF5tM/view?usp=sharing', '71R', 'CT 602'),
(849, 'https://drive.google.com/file/d/1rpIjHw6FZ8g3oZyTH_S6p7VJDaGXAkYk/view?usp=sharing', '70R', 'CT 602'),
(850, 'https://drive.google.com/file/d/1nPbWwEWcDCPBTfWn5dqTD9V5nWbbdGq0/view?usp=sharing', '69R', 'CT 602'),
(851, NULL, '75B', 'CT 602'),
(852, 'https://drive.google.com/file/d/1ZRFrxegrfu0rxDh5VFwDVK_IlJju584G/view?usp=sharing', '74B', 'CT 602'),
(853, 'https://drive.google.com/file/d/1Glf5ILktK_wF_34ZrkyrWCsMFBTvTOW9/view?usp=sharing', '73B', 'CT 602'),
(854, 'https://drive.google.com/file/d/1sA9Jn9_hKs5t5jjRIzO55wPd91EeGApg/view?usp=sharing', '72B', 'CT 602'),
(855, 'https://drive.google.com/file/d/1jvTU802X45MeZAC0CHOuzqegMGoOazZi/view?usp=sharing', '71B', 'CT 602'),
(856, 'https://drive.google.com/file/d/1mvAFIAyVj-UTLtlHeBfHCae529sAfXJO/view?usp=sharing', '70B', 'CT 602'),
(857, 'https://drive.google.com/file/d/1KrCOdd0WyUQwnmdhxtLCTB6QEXkiRnNR/view?usp=sharing', '69B', 'CT 602'),
(858, NULL, '75R', 'CT 552'),
(859, 'https://drive.google.com/file/d/1WZg88MGhr1BWab2Sd1LstPR5xQjFEw4x/view?usp=sharing', '74R', 'CT 552'),
(860, 'https://drive.google.com/file/d/1BZVTpcclVub-XlgHSj_lZQGqkplodjhG/view?usp=sharing', '73R', 'CT 552'),
(861, 'https://drive.google.com/file/d/17ZnG7Amybt1M2Pz7Lq_uF1Osgtb8jFay/view?usp=sharing', '72R', 'CT 552'),
(862, 'https://drive.google.com/file/d/17mGcE19YZ9bsTUhT8J0GAPY2oYce8Efx/view?usp=sharing', '71R', 'CT 552'),
(863, 'https://drive.google.com/file/d/1MkBSm-gv4myI21LZNOD62PwzuckY27Rt/view?usp=sharing', '70R', 'CT 552'),
(864, 'https://drive.google.com/file/d/1K0LKB7BAsYk2Z7eQRkacuFmX78G9nJF6/view?usp=sharing', '69R', 'CT 552'),
(865, 'https://drive.google.com/file/d/1TAxp-O8bz7Xti8vHYtibZY9z-_YS_Rt1/view?usp=sharing', '75B', 'CT 552'),
(866, NULL, '74B', 'CT 552'),
(867, 'https://drive.google.com/file/d/16NkxIbzx0eN_F1TUy-HDzVgewxYl1BUK/view?usp=sharing', '73B', 'CT 552'),
(868, 'https://drive.google.com/file/d/1X2g6nOjMp_pM0bLVGQJkJSzD5uwnVZmD/view?usp=sharing', '72B', 'CT 552'),
(869, 'https://drive.google.com/file/d/1QRSSm03DEvyEZpI601DkA6-4RYAuEdZg/view?usp=sharing', '71B', 'CT 552'),
(870, 'https://drive.google.com/file/d/12h6Fh3ucesjmNl72M2v_RtilARjqgAhY/view?usp=sharing', '70B', 'CT 552'),
(871, 'https://drive.google.com/file/d/1hIVFx0rOcEvTMy_FaujP3oZSvsKbZQq_/view?usp=sharing', '69B', 'CT 552'),
(872, NULL, '75R', 'CT 651'),
(873, 'https://drive.google.com/file/d/1x7olWJOt9sxLNGhSrhvjNy2Y2nIuYpmm/view?usp=sharing', '74R', 'CT 651'),
(874, 'https://drive.google.com/file/d/1vdV0VzI972FkSC_I5ec6Pv9YAZgQ3JBC/view?usp=sharing', '73R', 'CT 651'),
(875, 'https://drive.google.com/file/d/1MIDfsZxuFHLVEDOgOVbZeVbS3idBKepp/view?usp=sharing', '72R', 'CT 651'),
(876, 'https://drive.google.com/file/d/1HWPdGvJDULeiZ0w9joasSGsfEB1SMwXp/view?usp=sharing', '71R', 'CT 651'),
(877, 'https://drive.google.com/file/d/1W5glz7pSuIOUInIZvDYIEqHy1lNU8HDQ/view?usp=sharing', '70R', 'CT 651'),
(878, 'https://drive.google.com/file/d/1lqnJ8r9AupMnLH_fF8OaYPWQedVQoyoT/view?usp=sharing', '69R', 'CT 651'),
(879, 'https://drive.google.com/file/d/1qhTAIo-iclaeQ99eMd4GXfZnSGmI0ohV/view?usp=sharing', '75B', 'CT 651'),
(880, NULL, '74B', 'CT 651'),
(881, 'https://drive.google.com/file/d/10CnCc-avYKwpF5dlobC8omhqcNUVftL2/view?usp=sharing', '73B', 'CT 651'),
(882, 'https://drive.google.com/file/d/11Q_5UQ2CLIncogm0LmJJuvZPJALgqaAf/view?usp=sharing', '72B', 'CT 651'),
(883, 'https://drive.google.com/file/d/19KLdDW5uZfqQCAglABEOdJtQ18j5BdRP/view?usp=sharing', '71B', 'CT 651'),
(884, 'https://drive.google.com/file/d/1ORQpCdK3H2p1wd9TesrQy3BCo95Q-v5_/view?usp=sharing', '70B', 'CT 651'),
(885, 'https://drive.google.com/file/d/1bcchs9CRlpekfr11eZFJsEx_ZUxSN07b/view?usp=sharing', '69B', 'CT 651'),
(886, NULL, '75R', 'CT 656'),
(887, NULL, '75R', 'CT 656'),
(888, 'https://drive.google.com/file/d/1kSFXKt9z-bJ2XTquNREaHvFxTk5ED7SE/view?usp=sharing', '74R', 'CT 656'),
(889, 'https://drive.google.com/file/d/1kSFXKt9z-bJ2XTquNREaHvFxTk5ED7SE/view?usp=sharing', '74R', 'CT 656'),
(890, 'https://drive.google.com/file/d/1WGImAEPGgF3d2SxRcMgCrUpA-551qdVs/view?usp=sharing', '73R', 'CT 656'),
(891, 'https://drive.google.com/file/d/1WGImAEPGgF3d2SxRcMgCrUpA-551qdVs/view?usp=sharing', '73R', 'CT 656'),
(892, 'https://drive.google.com/file/d/11O65MkdrrgsjlPExTltAtpKVj_qsbZwF/view?usp=sharing', '72R', 'CT 656'),
(893, 'https://drive.google.com/file/d/11O65MkdrrgsjlPExTltAtpKVj_qsbZwF/view?usp=sharing', '72R', 'CT 656'),
(894, 'https://drive.google.com/file/d/1BSI0ZLnrWQmTPTAuOb30x_AW5x_1cmBT/view?usp=sharing', '71R', 'CT 656'),
(895, 'https://drive.google.com/file/d/1BSI0ZLnrWQmTPTAuOb30x_AW5x_1cmBT/view?usp=sharing', '71R', 'CT 656'),
(896, 'https://drive.google.com/file/d/1ovfk7tC29vF7iQP446QTgMLVpcDgaAxt/view?usp=sharing', '70R', 'CT 656'),
(897, 'https://drive.google.com/file/d/1ovfk7tC29vF7iQP446QTgMLVpcDgaAxt/view?usp=sharing', '70R', 'CT 656'),
(898, 'https://drive.google.com/file/d/1jH7rGwpCpLRL3LVyWER7aQf9-mjPz6G6/view?usp=sharing', '69R', 'CT 656'),
(899, 'https://drive.google.com/file/d/1jH7rGwpCpLRL3LVyWER7aQf9-mjPz6G6/view?usp=sharing', '69R', 'CT 656'),
(900, 'https://drive.google.com/file/d/11RX6_aN6bX-pJV_qKFWm-MyRkOThszkV/view?usp=sharing', '75B', 'CT 656'),
(901, 'https://drive.google.com/file/d/11RX6_aN6bX-pJV_qKFWm-MyRkOThszkV/view?usp=sharing', '75B', 'CT 656'),
(902, NULL, '74B', 'CT 656'),
(903, NULL, '74B', 'CT 656'),
(904, 'https://drive.google.com/file/d/1QGD5H0U7GSoGW7Y7Aelv8rQxZ3a-mTHR/view?usp=sharing', '73B', 'CT 656'),
(905, 'https://drive.google.com/file/d/1QGD5H0U7GSoGW7Y7Aelv8rQxZ3a-mTHR/view?usp=sharing', '73B', 'CT 656'),
(906, 'https://drive.google.com/file/d/14Dl7QR6LZtjBmLJXb3LJdicIwqVvhDyq/view?usp=sharing', '72B', 'CT 656'),
(907, 'https://drive.google.com/file/d/14Dl7QR6LZtjBmLJXb3LJdicIwqVvhDyq/view?usp=sharing', '72B', 'CT 656'),
(908, 'https://drive.google.com/file/d/1jAxEl9heTTgTbA2QQhhGXC89SYsIyQcd/view?usp=sharing', '71B', 'CT 656'),
(909, 'https://drive.google.com/file/d/1jAxEl9heTTgTbA2QQhhGXC89SYsIyQcd/view?usp=sharing', '71B', 'CT 656'),
(910, 'https://drive.google.com/file/d/1B-wq-BGtS3fVHOxDXz78Mq4Z5Y7iDcOL/view?usp=sharing', '70B', 'CT 656'),
(911, 'https://drive.google.com/file/d/1B-wq-BGtS3fVHOxDXz78Mq4Z5Y7iDcOL/view?usp=sharing', '70B', 'CT 656'),
(912, NULL, '69B', 'CT 656'),
(913, NULL, '69B', 'CT 656'),
(914, NULL, '75R', 'CT 601'),
(915, 'https://drive.google.com/file/d/1pBKs13ObwkKkST0NjsvudUKWRQNpU6ph/view?usp=sharing', '74R', 'CT 601'),
(916, 'https://drive.google.com/file/d/1lCU1QSTBTwoV3dJI9uUa9a8G50_bkKRl/view?usp=sharing', '73R', 'CT 601'),
(917, 'https://drive.google.com/file/d/1HKhR7JADjNAgk5vM8-Bcf0PDZn4Z8w24/view?usp=sharing', '72R', 'CT 601'),
(918, 'https://drive.google.com/file/d/1DeUKM8J34xVk_Uy1xoM9JNMayaE1v3gl/view?usp=sharing', '71R', 'CT 601'),
(919, 'https://drive.google.com/file/d/1QcsBye_6lgN0SXbsVf_SMLLm1fjAsugq/view?usp=sharing', '70R', 'CT 601'),
(920, 'https://drive.google.com/file/d/1x0UAU4JesRojuwstmKVkNwGH6rWeIDdn/view?usp=sharing', '69R', 'CT 601'),
(921, NULL, '75B', 'CT 601'),
(922, 'https://drive.google.com/file/d/1XXLyCqxq_D4hWYFASgtIbeMhm8e-3q57/view?usp=sharing', '74B', 'CT 601'),
(923, 'https://drive.google.com/file/d/1K2RRCl2BRZW7KA5WLxAvwlbEMbF9uPni/view?usp=sharing', '73B', 'CT 601'),
(924, 'https://drive.google.com/file/d/1B_zRIbEle874SEPENzFoeaIvt1Ok0F4c/view?usp=sharing', '72B', 'CT 601'),
(925, 'https://drive.google.com/file/d/1g-ykz34qPzqYfHUWgAU1gE9mqqIhG5lc/view?usp=sharing', '71B', 'CT 601'),
(926, 'https://drive.google.com/file/d/1LPn60Y0tw0SDpdrU9PD1cTTmCRFo51I-/view?usp=sharing', '70B', 'CT 601'),
(927, 'https://drive.google.com/file/d/1lbxRqrLlGrvn86hyjU_J2YhiA9UyXL9S/view?usp=sharing', '69B', 'CT 601'),
(928, NULL, '75R', 'CT 502'),
(929, NULL, '75R', 'CT 502'),
(930, 'https://drive.google.com/file/d/1jNtGBEaFnR6L2rOA7n7XBbivfYsJ0CIG/view?usp=sharing', '74R', 'CT 502'),
(931, 'https://drive.google.com/file/d/1jNtGBEaFnR6L2rOA7n7XBbivfYsJ0CIG/view?usp=sharing', '74R', 'CT 502'),
(932, 'https://drive.google.com/file/d/1aaVrENU0zsK9nEV48lDkW1P4ElZQgwlE/view?usp=sharing', '73R', 'CT 502'),
(933, 'https://drive.google.com/file/d/1aaVrENU0zsK9nEV48lDkW1P4ElZQgwlE/view?usp=sharing', '73R', 'CT 502'),
(934, 'https://drive.google.com/file/d/1DVLd42IHecO6YVYIUJh1ir33i11n_-IB/view?usp=sharing', '72R', 'CT 502'),
(935, 'https://drive.google.com/file/d/1DVLd42IHecO6YVYIUJh1ir33i11n_-IB/view?usp=sharing', '72R', 'CT 502'),
(936, 'https://drive.google.com/file/d/1yDe1oCrZSGh3R6RROm1LR6-lu4aoIDfW/view?usp=sharing', '71R', 'CT 502'),
(937, 'https://drive.google.com/file/d/1yDe1oCrZSGh3R6RROm1LR6-lu4aoIDfW/view?usp=sharing', '71R', 'CT 502'),
(938, 'https://drive.google.com/file/d/1uxUJZC9NCucBi9O970hVNniPb0N1Yu3N/view?usp=sharing', '70R', 'CT 502'),
(939, 'https://drive.google.com/file/d/1uxUJZC9NCucBi9O970hVNniPb0N1Yu3N/view?usp=sharing', '70R', 'CT 502'),
(940, 'https://drive.google.com/file/d/1eacfyAyOlXXRK8FvYPMo0YXxfXX4evUa/view?usp=sharing', '69R', 'CT 502'),
(941, 'https://drive.google.com/file/d/1eacfyAyOlXXRK8FvYPMo0YXxfXX4evUa/view?usp=sharing', '69R', 'CT 502'),
(942, NULL, '75B', 'CT 502'),
(943, 'https://drive.google.com/file/d/1nbevcinMq451QvPHTsYX1qj7glKqlfK5/view?usp=sharing', '74B', 'CT 502'),
(944, NULL, '75B', 'CT 502'),
(945, 'https://drive.google.com/file/d/1nbevcinMq451QvPHTsYX1qj7glKqlfK5/view?usp=sharing', '74B', 'CT 502'),
(946, 'https://drive.google.com/file/d/17rK0mHLPMstGng9p_5m859wsvKvY9zEa/view?usp=sharing', '73B', 'CT 502'),
(947, 'https://drive.google.com/file/d/1JYVKYCHdwKYbgcBM48uwVV6E4lKk3FLE/view?usp=sharing', '72B', 'CT 502'),
(948, 'https://drive.google.com/file/d/17rK0mHLPMstGng9p_5m859wsvKvY9zEa/view?usp=sharing', '73B', 'CT 502'),
(949, 'https://drive.google.com/file/d/11xWw8oCxAiMU7V1YLqKBXcDm-KsI0cny/view?usp=sharing', '71B', 'CT 502'),
(950, 'https://drive.google.com/file/d/1JYVKYCHdwKYbgcBM48uwVV6E4lKk3FLE/view?usp=sharing', '72B', 'CT 502'),
(951, 'https://drive.google.com/file/d/1chAiEKLBYULzH_cQrVfd3p7C1Q9ihSUF/view?usp=sharing', '70B', 'CT 502'),
(952, 'https://drive.google.com/file/d/11xWw8oCxAiMU7V1YLqKBXcDm-KsI0cny/view?usp=sharing', '71B', 'CT 502'),
(953, NULL, '69B', 'CT 502'),
(954, 'https://drive.google.com/file/d/1chAiEKLBYULzH_cQrVfd3p7C1Q9ihSUF/view?usp=sharing', '70B', 'CT 502'),
(955, NULL, '69B', 'CT 502'),
(956, 'NULL', '75R', 'CT 753'),
(957, 'https://drive.google.com/file/d/1hdG7ySJ7FnauSyzxaWmn58UsNMwo3s1T/view?usp=sharing', '74R', 'CT 753'),
(958, 'https://drive.google.com/file/d/1eNL7p6823FnRtbQjYMar0oT9cd6BpEkD/view?usp=sharing', '73R', 'CT 753'),
(959, 'https://drive.google.com/file/d/1HqjWwJAJTElutgfmHknXl9rwA_UJ9_v0/view?usp=sharing', '72R', 'CT 753'),
(960, 'https://drive.google.com/file/d/16UvzAdwJoie54FJBVI8TuCQQMfVtlHkK/view?usp=sharing', '71R', 'CT 753'),
(961, 'https://drive.google.com/file/d/1KziNzv08DVWqILYXBXTcDQ5BQcR1nACZ/view?usp=sharing', '70R', 'CT 753'),
(962, 'https://drive.google.com/file/d/12BY6v9-nZqwE9JzJENw2m3vWK6kZEALw/view?usp=sharing', '69R', 'CT 753'),
(963, 'NULL', '75B', 'CT 753'),
(964, 'https://drive.google.com/file/d/1ZISZfy8b-Dgf2LZP0WNUf21rXwtaUqZt/view?usp=sharing', '74B', 'CT 753'),
(965, 'https://drive.google.com/file/d/1HvUG4M1LWMX7hbOx6VI5oS4wXfjUOja2/view?usp=sharing', '73B', 'CT 753'),
(966, 'https://drive.google.com/file/d/1hCOrs34SE8DdaTbEA6KMRV9rMtWB75v2/view?usp=sharing', '72B', 'CT 753'),
(967, 'NULL', '71B', 'CT 753'),
(968, 'https://drive.google.com/file/d/1n3DrHn0tl3oYyZnMlzN8T1RsLdVY6QK3/view?usp=sharing', '70B', 'CT 753'),
(969, 'NULL', '69B', 'CT 753'),
(970, 'NULL', '75R', 'CT 754'),
(971, 'https://drive.google.com/file/d/1UnfLSB19hH4zDa0OebfyubTNVoqWI0OY/view?usp=sharing', '74R', 'CT 754'),
(972, 'https://drive.google.com/file/d/1s9fQD9ap65ET1EUkOmhgPVEGtnuSv_VH/view?usp=sharing', '73R', 'CT 754'),
(973, 'https://drive.google.com/file/d/1nR5e8lAHEoyXVoRfBg59sxfIAIFp0w7h/view?usp=sharing', '72R', 'CT 754'),
(974, 'https://drive.google.com/file/d/1RzUPPJk4zUU8Klj7nDw7VfUHKQiEwHzM/view?usp=sharing', '71R', 'CT 754'),
(975, 'https://drive.google.com/file/d/1Plhutcf_93hfNg1DEHo9mlsv6iAqSk7s/view?usp=sharing', '70R', 'CT 754'),
(976, 'https://drive.google.com/file/d/1JfGAN98va2HMUq4mhBOmjS22az0rMpEB/view?usp=sharing', '69R', 'CT 754'),
(977, 'NULL', '75B', 'CT 754'),
(978, 'https://drive.google.com/file/d/1xuKWAZMzJlbZH9q4LfwwFcW-yhALWnPM/view?usp=sharing', '74B', 'CT 754'),
(979, 'https://drive.google.com/file/d/17RY8wiQB1uBd3G8qlmEzfkc0m-Z7wwzT/view?usp=sharing', '73B', 'CT 754'),
(980, 'https://drive.google.com/file/d/19dtK722Kec7O0rhvCBWxqs_BCvTHGL0n/view?usp=sharing', '72B', 'CT 754'),
(981, 'NULL', '71B', 'CT 754'),
(982, 'https://drive.google.com/file/d/1p_Inlo5BIvagvVwS1D5deBeeaTaT5owN/view?usp=sharing', '70B', 'CT 754'),
(983, 'NULL', '69B', 'CT 754'),
(984, 'NULL', '75R', 'CT 751'),
(985, 'https://drive.google.com/file/d/1phleguqz4OYPU296Z7fTmpySeJXJR2h1/view?usp=sharing', '74R', 'CT 751'),
(986, 'https://drive.google.com/file/d/1PVEhE-ol6s0YAqo_tRSTAR_AryBI3pWZ/view?usp=sharing', '73R', 'CT 751'),
(987, 'https://drive.google.com/file/d/1zL1tdh1oUGRozhSNr6TCabnjn9amhajT/view?usp=sharing', '72R', 'CT 751'),
(988, 'https://drive.google.com/file/d/15-6q012-WUs2DaPUuyY8TroNor7q9YKR/view?usp=sharing', '71R', 'CT 751'),
(989, 'https://drive.google.com/file/d/1org3MDoLuwok5fheArHvgUvTB9Z95omr/view?usp=sharing', '70R', 'CT 751'),
(990, 'https://drive.google.com/file/d/15UJhAd9XGetyhnm2r1sndbO4hkKQIk0g/view?usp=sharing', '69R', 'CT 751'),
(991, 'NULL', '75B', 'CT 751'),
(992, 'https://drive.google.com/file/d/10_neAJPRxpRj7Cb27r1TinTr7O-9lO8m/view?usp=sharing', '74B', 'CT 751'),
(993, 'https://drive.google.com/file/d/1gLwdpea6j1sGSC4blgh36GRPq31Sb3VM/view?usp=sharing', '73B', 'CT 751'),
(994, 'https://drive.google.com/file/d/1aolCtSi_IgUusBTTkW7H91rBP2No4877/view?usp=sharing', '72B', 'CT 751'),
(995, 'https://drive.google.com/file/d/1RBDoXZ3iNPcUkbxtjMEKoTApjlEs0RYT/view?usp=sharing', '71B', 'CT 751'),
(996, 'NULL', '70B', 'CT 751'),
(997, 'https://drive.google.com/file/d/13e8pfvyVz5erZCy3zJSSr9y7-UT9LfF2/view?usp=sharing', '69B', 'CT 751'),
(998, 'NULL', '75R', 'CT 657'),
(999, 'https://drive.google.com/file/d/1lTECrvZe148v1KqYf9AbnCUcpQzyG3Z3/view?usp=sharing', '74R', 'CT 657'),
(1000, 'https://drive.google.com/file/d/1NxgBbY1bklX7AqmqLC4oimviN8hbxqtd/view?usp=sharing', '73R', 'CT 657'),
(1001, 'https://drive.google.com/file/d/1Yt_kO-VoRsrjKuH3YI0xcN31iJWyiLlH/view?usp=sharing', '72R', 'CT 657'),
(1002, 'https://drive.google.com/file/d/1LmpQDOQ1lfU9yRswYY5sw4EBUsNE8KQW/view?usp=sharing', '71R', 'CT 657'),
(1003, 'https://drive.google.com/file/d/1M6vxaRkc4ecSAW7e7q0rwGkMUruYjVJw/view?usp=sharing', '70R', 'CT 657'),
(1004, 'https://drive.google.com/file/d/1LSa7gsm8srC8qOhygiC54254KucbtqFS/view?usp=sharing', '69R', 'CT 657'),
(1005, 'NULL', '75B', 'CT 657'),
(1006, 'https://drive.google.com/file/d/1ViGr7fTweHf6BINaVg3ipDesjCJLvj8v/view?usp=sharing', '74B', 'CT 657'),
(1007, 'https://drive.google.com/file/d/1Rrl0Ck9hjZ3syvYozdyPDvu0OCd62QtR/view?usp=sharing', '73B', 'CT 657'),
(1008, 'https://drive.google.com/file/d/1j4ZNvXD93qaPLiW1avoJDYlBiGjb-OST/view?usp=sharing', '72B', 'CT 657'),
(1009, 'https://drive.google.com/file/d/1uBawQyntuRoTyoRd5Nf39Wk4FfrXix3G/view?usp=sharing', '71B', 'CT 657'),
(1010, 'https://drive.google.com/file/d/1KfkzDnXzGax7TlB4mEOhKtM_pHdrvUKW/view?usp=sharing', '70B', 'CT 657'),
(1011, 'NULL', '69B', 'CT 657'),
(1012, 'NULL', '75R', 'CT 704'),
(1013, 'https://drive.google.com/file/d/1lmxL6eNZidPfsLsS-eiPUgAUMSbuApmg/view?usp=sharing', '74R', 'CT 704'),
(1014, 'https://drive.google.com/file/d/1AdwX-0ZXaGNuAOS8ewHbeLnzGLebCR6u/view?usp=sharing', '73R', 'CT 704'),
(1015, 'https://drive.google.com/file/d/1F9vKnj9CcJko3VFJgtCtSU9AB3__fSqw/view?usp=sharing', '72R', 'CT 704'),
(1016, 'https://drive.google.com/file/d/1toVYYzF68ukM8dJlKL4p_SSpUJbE2j19/view?usp=sharing', '71R', 'CT 704'),
(1017, 'https://drive.google.com/file/d/1fFc7_KwmEJjVFAydyYk-XqmYIymWWVF6/view?usp=sharing', '70R', 'CT 704'),
(1018, 'https://drive.google.com/file/d/1IzDYxp_lmWxLGCmlmv8cEyX4HlfrnXmk/view?usp=sharing', '69R', 'CT 704'),
(1019, 'NULL', '75B', 'CT 704'),
(1020, 'https://drive.google.com/file/d/1qFPvd2rwndtN1NG-CvnNgX6Hvw765YXA/view?usp=sharing', '74B', 'CT 704'),
(1021, 'https://drive.google.com/file/d/18UwWdMGK4p-H4x5b1sMTDG75YBgM-Uob/view?usp=sharing', '73B', 'CT 704'),
(1022, 'https://drive.google.com/file/d/1YaUOdCyiu9izyZ7JX2eGATYR2be7DOR7/view?usp=sharing', '72B', 'CT 704'),
(1023, 'https://drive.google.com/file/d/1Rti9UwmWwl4h0iCBj4MYRr0zGZjs8Ze9/view?usp=sharing', '71B', 'CT 704'),
(1024, 'https://drive.google.com/file/d/1aPvtOp6ruwWJJ7WAZ47PH94vTsAf97NC/view?usp=sharing', '70B', 'CT 704'),
(1025, 'NULL', '69B', 'CT 704'),
(1026, 'NULL', '75R', 'CT 703'),
(1027, 'https://drive.google.com/file/d/1i30Ge_P6MfveKlvCeZZULAG_IIMFLDf1/view?usp=sharing', '74R', 'CT 703'),
(1028, 'https://drive.google.com/file/d/1Mz5ARFhYJA4jweq9JeMhFoOpV7b79Jow/view?usp=sharing', '73R', 'CT 703'),
(1029, 'NULL', '72R', 'CT 703'),
(1030, 'https://drive.google.com/file/d/174JIR-is1tov3cCPlNBHr505UOw_si7P/view?usp=sharing', '71R', 'CT 703'),
(1031, 'https://drive.google.com/file/d/1s8a6Aic_lIL0yKMS4ZzAI9kc1r624HHD/view?usp=sharing', '70R', 'CT 703'),
(1032, 'https://drive.google.com/file/d/1he5A2768HzAQqkIhlTL-YHcZg3gtQQ4i/view?usp=sharing', '69R', 'CT 703'),
(1033, 'NULL', '75B', 'CT 703'),
(1034, 'https://drive.google.com/file/d/1KxnowoPwVS-VWQdNmRmr3Yq3ooS7pSx_/view?usp=sharing', '74B', 'CT 703'),
(1035, 'https://drive.google.com/file/d/1ib-xi7hKWGvXDMa25Bz9PArt83fgtHF3/view?usp=sharing', '73B', 'CT 703'),
(1036, 'https://drive.google.com/file/d/1saxLQgRmUdjDX6Xl0fQSideXZFouqDxB/view?usp=sharing', '72B', 'CT 703'),
(1037, 'https://drive.google.com/file/d/1mIIRYVHsckv0UT4jfao_MSV2k_fyKekP/view?usp=sharing', '71B', 'CT 703'),
(1038, 'https://drive.google.com/file/d/1SZA4o_eFNsmHOzi3a80SuIadlUC6oeQc/view?usp=sharing', '70B', 'CT 703'),
(1039, 'NULL', '69B', 'CT 703');

--
-- Indexes for dumped tables
--

--
-- Indexes for table `course`
--
ALTER TABLE `course`
  ADD PRIMARY KEY (`ID`),
  ADD KEY `Depart_Code` (`Depart_Code`),
  ADD KEY `Marks_Code` (`Marks_Code`),
  ADD KEY `Type_Code` (`Type_Code`),
  ADD KEY `Program` (`Program`);

--
-- Indexes for table `course_type`
--
ALTER TABLE `course_type`
  ADD PRIMARY KEY (`Code`);

--
-- Indexes for table `department`
--
ALTER TABLE `department`
  ADD PRIMARY KEY (`Code`);

--
-- Indexes for table `exam_information`
--
ALTER TABLE `exam_information`
  ADD PRIMARY KEY (`ID`);

--
-- Indexes for table `marking_scheme`
--
ALTER TABLE `marking_scheme`
  ADD PRIMARY KEY (`Code`);

--
-- Indexes for table `question_paper`
--
ALTER TABLE `question_paper`
  ADD PRIMARY KEY (`ID`),
  ADD KEY `Exam_Id` (`Exam_Id`),
  ADD KEY `Course_ID` (`Course_ID`);

--
-- AUTO_INCREMENT for dumped tables
--

--
-- AUTO_INCREMENT for table `question_paper`
--
ALTER TABLE `question_paper`
  MODIFY `ID` int(11) NOT NULL AUTO_INCREMENT, AUTO_INCREMENT=1040;

--
-- Constraints for dumped tables
--

--
-- Constraints for table `course`
--
ALTER TABLE `course`
  ADD CONSTRAINT `course_ibfk_1` FOREIGN KEY (`Depart_Code`) REFERENCES `department` (`Code`) ON DELETE CASCADE ON UPDATE CASCADE,
  ADD CONSTRAINT `course_ibfk_2` FOREIGN KEY (`Marks_Code`) REFERENCES `marking_scheme` (`Code`) ON DELETE CASCADE ON UPDATE CASCADE,
  ADD CONSTRAINT `course_ibfk_3` FOREIGN KEY (`Type_Code`) REFERENCES `course_type` (`Code`) ON DELETE CASCADE ON UPDATE CASCADE;

--
-- Constraints for table `question_paper`
--
ALTER TABLE `question_paper`
  ADD CONSTRAINT `question_paper_ibfk_1` FOREIGN KEY (`Exam_Id`) REFERENCES `exam_information` (`ID`) ON DELETE CASCADE ON UPDATE CASCADE,
  ADD CONSTRAINT `question_paper_ibfk_2` FOREIGN KEY (`Course_ID`) REFERENCES `course` (`ID`) ON DELETE CASCADE ON UPDATE CASCADE;
COMMIT;

/*!40101 SET CHARACTER_SET_CLIENT=@OLD_CHARACTER_SET_CLIENT */;
/*!40101 SET CHARACTER_SET_RESULTS=@OLD_CHARACTER_SET_RESULTS */;
/*!40101 SET COLLATION_CONNECTION=@OLD_COLLATION_CONNECTION */;
